Model,alpha,eta,beta_PS,OverlapModel,CloneDistortion_TV,Base_P1_corridor,Base_P2,Base_P3,Clone_P1_corridor,Clone_P2,Clone_P3,CloneSplit_P1_share_within_pair,Base_pi,Clone_pi,Base_ActiveCount,Clone_ActiveCount,Base_iterations,Clone_iterations,Base_cpu_seconds,Clone_cpu_seconds
Model B,0.84,0.0,0.0,none,0.020637150873087824,0.02433069641145897,0.14659090125553118,0.8290784023330099,0.04496784728454686,0.14295259211942116,0.8120795605960321,0.5000000000015623,24.102211623342647,24.017585535120062,3,4,18,17,0.02323737507686019,0.02233716705814004
Model A,0.84,0.0,0.0,none,0.02063724436932104,0.024330602869722058,0.1465913279080308,0.8290780692222459,0.0449678472390439,0.14295249179654618,0.8120796609644103,0.5,24.102211636252825,24.017585585105124,3,4,41,34,0.019473708234727383,0.01682200003415346
Model B,0.84,0.1,0.0,none,0.045191879621476506,0.061018843425347136,0.1978858985693348,0.741095258005318,0.10621072304682368,0.18728515544436347,0.7065041215088128,0.5000000000089228,25.37188817969497,25.18691759053035,3,4,68,70,0.08618999971076846,0.094737040810287
Model A,0.84,0.1,0.0,none,0.017249513056418815,0.02030653325335328,0.15580974402298073,0.8238837227236677,0.03755604630977041,0.15261219626888156,0.8098317574213464,0.5,25.693432856720655,25.61499422591492,3,4,87,88,0.04103591712191701,0.042130792047828436
Model B,0.84,0.2,0.0,none,0.055685308616468907,0.12064987894328624,0.249353576609442,0.6299965444472717,0.17633518755975525,0.24520378528793682,0.5784610271523081,0.5000000000037735,26.482816249038805,26.213100862788814,3,4,65,56,0.08181316684931517,0.07136312499642372
Model A,0.84,0.2,0.0,none,0.014230234917447227,0.016703987055076558,0.1651017728859452,0.8181942400589767,0.030934221972523608,0.16234762156374946,0.806718156463725,0.5,27.282801357106955,27.211693159908343,3,4,86,86,0.04012304171919823,0.040941750165075064
Model B,0.84,0.3,0.0,none,0.05843738758934168,0.20466464057506611,0.2929443067466615,0.5023910526782724,0.22912851015387367,0.3269178247571956,0.44395366508893075,0.5000000000019416,27.44432496788891,27.120865521981237,3,4,48,43,0.059472584165632725,0.05435125017538667
Model A,0.84,0.3,0.0,none,0.011527919467566317,0.013477316600890072,0.17443675872626216,0.8120859246728462,0.025005236068457858,0.1721227619691304,0.8028720019624132,0.5,28.870132596580262,28.807318828690136,3,4,85,85,0.040285584051162004,0.04089387506246567
Model B,0.84,0.4,0.0,none,0.052191640076624385,0.2569513053696697,0.36995640229994875,0.3730922923303816,0.2774429404322435,0.4016564073139993,0.3209006522537572,0.4999999999993601,27.510291511556225,27.88245859820843,3,4,42,29,0.04981341678649187,0.03651804104447365
Model A,0.84,0.4,0.0,none,0.009101170835577644,0.010587277970285797,0.1837861142205119,0.8056266078092017,0.019688448805863155,0.18190353267740095,0.7984080185167347,0.5,30.455305956135298,30.40158816071107,3,4,83,84,0.03941879095509648,0.04005929175764322
Model B,0.84,0.5,0.0,none,1.3877787807814457e-16,0.2774429404322439,0.40165640731399915,0.320900652253757,0.2774429404322437,0.40165640731399915,0.32090065225375713,0.500000000000485,27.51730264179111,28.469948891989894,3,4,33,30,0.041424000170081854,0.03543733386322856
Model A,0.84,0.5,0.0,none,0.006916322894135978,0.007999684427612865,0.1931234947120657,0.7988768208603184,0.014916007321751218,0.19165828903585944,0.7934257036423911,0.5,32.03825509826984,31.99428819188949,3,4,82,82,0.038188458885997534,0.039382957853376865
Model B,0.84,0.6,0.0,none,8.326672684688674e-17,0.2774429404322437,0.40165640731399915,0.3209006522537571,0.2774429404322438,0.4016564073139991,0.3209006522537571,0.5000000000009154,29.667455686541814,27.842892453370936,3,4,26,26,0.028709374833852053,0.03061770834028721
Model A,0.84,0.6,0.0,none,0.004945654654756239,0.005684405124958915,0.20242484590113557,0.7918907489739024,0.010630059779714455,0.20135812945764248,0.7880118107626386,0.5,33.61895949548811,33.585266491610085,3,4,82,81,0.03827920788899064,0.03910620789974928
Model B,0.84,0.7,0.0,none,8.326672684688674e-17,0.2774429404322438,0.4016564073139991,0.32090065225375713,0.2774429404322439,0.401656407313999,0.32090065225375713,0.5000000000002653,30.09557271911823,28.759902890048828,3,4,26,26,0.03203070908784866,0.032590665854513645
Model A,0.84,0.7,0.0,none,0.00316603695759978,0.0036146194649917737,0.21166835741230047,0.7847170231227073,0.006780656422592767,0.21097702531283286,0.7822423182645764,0.5,35.197436996477734,35.174422572886655,3,4,81,79,0.03724174993112683,0.03797987522557378
Model B,0.84,0.8,0.0,none,1.1102230246251565e-16,0.2774429404322438,0.40165640731399915,0.320900652253757,0.2774429404322437,0.4016564073139991,0.3209006522537571,0.5000004733952635,28.37283013732162,28.791619118836707,3,4,23,31,0.025857582688331604,0.03690137527883053
Model A,0.84,0.8,0.0,none,0.0015579035563348044,0.0017662606046141341,0.22083435291482129,0.7773993864805663,0.003324164160948294,0.22049182002539297,0.7761840158136591,0.5,36.773737297575025,36.7617002964345,3,4,81,77,0.03767658304423094,0.0371217499487102
Model B,0.84,0.9,0.0,none,1.6653345369377348e-16,0.27744294043224366,0.40165640731399915,0.32090065225375713,0.2774429404322439,0.4016564073139991,0.3209006522537571,0.5000000000002506,30.663233039499033,28.830560713678494,3,4,23,26,0.026540166698396206,0.031887791119515896
Model A,0.84,0.9,0.0,none,0.00010446830996922054,0.00011759840525919347,0.2299051436219662,0.7699772579727776,0.00022206671522903175,0.22988213576181354,0.7698957975229617,0.5,38.347936193462246,38.34708119053852,3,4,81,78,0.03758454183116555,0.03752537490800023
Model B,0.84,1.0,0.0,none,1.1934897514720433e-15,0.27744294043224355,0.4016564073139991,0.32090065225375736,0.27744294043224427,0.4016564073139996,0.3209006522537562,0.500000000000192,30.858560453673064,29.260433608554123,3,4,23,29,0.026910915970802307,0.03565324982628226
Model A,0.84,1.0,0.0,none,7.494005416219807e-15,0.0,0.23856819876282084,0.7614318012371769,0.0,0.23856819876281551,0.7614318012371866,0.0,39.90848758640162,39.908487586401606,2,2,73,73,0.03465595794841647,0.03556287521496415
Model B,0.84,0.0,0.5,path-size,0.01243214259014138,0.033150622341796485,0.16685202196336416,0.7999973556948393,0.04142902844002366,0.17100575845527838,0.787565213104698,0.49999875648842135,24.53144558055434,24.551504471020948,3,4,19,18,0.023800416849553585,0.022854499984532595
Model A,0.84,0.0,0.5,path-size,0.012432603308937754,0.033150617104203535,0.16685155680826266,0.7999978260875353,0.041429286568316584,0.17100549065308665,0.7875652227785969,0.5,24.53144580483024,24.55150400169004,3,4,41,39,0.0199671252630651,0.019124832935631275
Model B,0.84,0.1,0.5,path-size,0.023743840251787662,0.07622102565941727,0.22030902030645313,0.7034699540341297,0.09914727854939526,0.2211266076682628,0.679726113782342,0.50000000000257,25.7569181841598,25.713607908413515,3,4,59,61,0.07037983322516084,0.08282741717994213
Model A,0.84,0.1,0.5,path-size,0.010835774982740468,0.02807833285338441,0.1768279558431563,0.7950937113034598,0.03422392076577395,0.18151814291350746,0.7842579363207196,0.5,26.118202448490713,26.142893343934936,3,4,88,88,0.04326270800083876,0.04481320781633258
Model B,0.84,0.2,0.5,path-size,0.03981556073995063,0.14347590852219108,0.27117803500533044,0.5853460564724784,0.1832914692621417,0.26546300877133044,0.5512455219665278,0.5000000000001837,26.822298065886045,26.713645670550406,3,4,58,60,0.07242104085162282,0.07864350033923984
Model A,0.84,0.2,0.5,path-size,0.009444015679819511,0.023555196614702456,0.18681620896195078,0.7896285944233455,0.0278020770075814,0.19201334424889074,0.7801845787435254,0.5,27.703506065808014,27.733552891909547,3,4,86,86,0.04185874992981553,0.041790582705289125
Model B,0.84,0.3,0.5,path-size,0.037789427918538815,0.2248263637686279,0.3202621625721955,0.45491147365917656,0.23966335021339463,0.3432146040459676,0.41712204574063777,0.5000039777324398,27.75659706910848,27.62449696876311,3,4,43,50,0.05156512511894107,0.06296920776367188
Model A,0.84,0.3,0.5,path-size,0.008220760125214265,0.019518461670888016,0.19678389488089504,0.7836976434482186,0.022068319595852502,0.20245479708114442,0.7754768833230039,0.5,29.287154595604385,29.32319032563405,3,4,85,85,0.04003770835697651,0.04265654180198908
Model B,0.84,0.4,0.5,path-size,0.009032719373266385,0.2738966855695445,0.3961699428034319,0.3299333716270236,0.2774429404322436,0.40165640731399915,0.3209006522537572,0.4999999999988329,27.803100346948007,28.403591352660655,3,4,34,52,0.04073704220354557,0.07522949995473027
Model A,0.84,0.4,0.5,path-size,0.007136141098836712,0.01591462197398817,0.20670133206335345,0.7773840459626573,0.016942756218341827,0.21280933891783768,0.7702479048638218,0.5,30.869012380344813,30.911586937609357,3,4,83,83,0.0391288329847157,0.04132275003939867
Model B,0.84,0.5,0.5,path-size,8.326672684688674e-17,0.27744294043224377,0.4016564073139991,0.3209006522537572,0.2774429404322438,0.401656407313999,0.3209006522537572,0.5000013930979132,29.312735337324774,27.260838508981927,3,4,31,31,0.13903716625645757,0.038124625105410814
Model A,0.84,0.5,0.5,path-size,0.006505520072629844,0.012697455999555624,0.21654167332430102,0.7707608706761452,0.012357617059483962,0.22304719339692816,0.7645951895435843,0.5,32.44899991902288,32.498587048748405,3,4,82,81,0.038707499857991934,0.03987924987450242
Model B,0.84,0.6,0.5,path-size,5.551115123125783e-17,0.2774429404322437,0.4016564073139991,0.3209006522537572,0.2774429404322438,0.4016564073139991,0.3209006522537572,0.49999908481393435,29.84177590310656,29.45192141010787,3,4,26,32,0.029620207846164703,0.037426792085170746
Model A,0.84,0.6,0.5,path-size,0.006861161450510157,0.009826570774329859,0.2262808750742352,0.7638925541514318,0.008254695291412189,0.23314203652474524,0.7586032681838392,0.5,34.02708489345635,34.08408847928257,3,4,82,79,0.03865558421239257,0.03923804219812155
Model B,0.84,0.7,0.5,path-size,3.0531133177191805e-15,0.2774429404322438,0.40165640731399915,0.3209006522537571,0.2774429404322407,0.4016564073140003,0.3209006522537589,0.5000000000001897,29.15715734241872,29.778753438044617,3,4,23,26,0.02598404185846448,0.03274558298289776
Model A,0.84,0.7,0.5,path-size,0.0071733501388304925,0.00726631388206179,0.2358975829952632,0.7568361031226726,0.004583423233335179,0.24307093313409417,0.7523456436325692,0.5,35.603274319178226,35.66803412908402,3,4,81,78,0.03813025029376149,0.038322458043694496
Model B,0.84,0.8,0.5,path-size,5.551115123125783e-17,0.27744294043224377,0.4016564073139991,0.32090065225375713,0.2774429404322437,0.4016564073139991,0.3209006522537571,0.5000000000002623,30.52961932725991,30.029613676329276,3,4,23,28,0.026025834027677774,0.0367484581656754
Model A,0.84,0.8,0.5,path-size,0.0074412194740757845,0.004984956760707529,0.24537296903887262,0.7496420742004191,0.0012994204880494627,0.2528141885129476,0.7458863909990006,0.5,37.177607661898605,37.25040459592239,3,4,81,79,0.038573083002120256,0.03888770891353488
Model B,0.84,0.9,0.5,path-size,2.0539125955565396e-15,0.27744294043224393,0.4016564073139991,0.3209006522537572,0.2774429404322446,0.40165640731400043,0.3209006522537551,0.5000000000002186,29.60378439774623,29.185099175464273,3,4,24,23,0.02709220815449953,0.02889474993571639
Model A,0.84,0.9,0.5,path-size,0.007289316150816159,0.0029540779868527734,0.2546905469478433,0.742355375065301,0.0,0.26197986309866267,0.7380201369013408,0.0,38.7501507712832,38.81791988243823,3,2,81,82,0.038725958205759525,0.04058241657912731
Model B,0.84,1.0,0.5,path-size,2.220446049250313e-16,0.2774429404322438,0.401656407313999,0.32090065225375725,0.2774429404322437,0.40165640731399915,0.3209006522537571,0.49999922968711796,29.57960334834901,30.121264913803223,3,4,23,26,0.029446375090628862,0.03248470788821578
Model A,0.84,1.0,0.5,path-size,0.006880234968612329,0.0011480936656309295,0.26383598595495306,0.7350159203794171,0.0,0.27071622092356573,0.729283779076436,0.0,40.32099050553808,40.37400204447236,3,2,80,72,0.039203125052154064,0.036726041696965694
Model B,0.84,0.0,1.0,path-size,0.014178621228766657,0.04367707760654039,0.18858417630131938,0.7677387460921403,0.03772898220366129,0.20276279753008603,0.7595082202662528,0.4999999999984293,24.948744363411706,25.076278194464592,3,4,17,18,0.021786959376186132,0.02408629236742854
Model A,0.84,0.0,1.0,path-size,0.014179557240426615,0.04367711397244231,0.18858231661790886,0.7677405694096481,0.03772906542975394,0.20276187385833558,0.7595090607119099,0.5,24.948745010743075,25.076278342417922,3,4,47,44,0.02271608402952552,0.021872833836823702
Model B,0.84,0.1,1.0,path-size,0.01515395049202857,0.09366865809624265,0.24338712775305477,0.6629442141507027,0.09176250314596905,0.25854107824508327,0.6496964186089477,0.5000004947253416,26.128539903260744,26.230879702403975,3,4,64,77,0.0753390840254724,0.11591216595843434
Model A,0.84,0.1,1.0,path-size,0.014652949127605681,0.037341630762161106,0.1993554018998187,0.7633029673380185,0.030765558099820338,0.21400835102742585,0.755226090872755,0.5,26.531405724076308,26.661703431733642,3,4,88,87,0.042399042285978794,0.04320766683667898
Model B,0.84,0.2,1.0,path-size,0.01672876969461712,0.16850904790689475,0.2924705155850608,0.5390204365080443,0.17088199216121508,0.3068263410253576,0.5222916668134272,0.500000000002256,27.149585538159073,27.226304329522314,3,4,60,62,0.07514962507411838,0.0844154586084187
Model A,0.84,0.2,1.0,path-size,0.015064125080950806,0.03171368468533834,0.21005950066321377,0.758226814651447,0.024577319405052887,0.2251236257441643,0.7502990548507814,0.5,28.11306347885521,28.246497980034334,3,4,86,86,0.04254962503910065,0.04277783399447799
Model B,0.84,0.3,1.0,path-size,0.017157911402730347,0.24320384554188917,0.34869127772759073,0.4081048767305201,0.24994078441575734,0.3591122502564528,0.39094696532778966,0.5000005774316725,28.05959748404773,28.113778090288896,3,4,35,59,0.04370720777660608,0.07620874978601933
Model A,0.84,0.3,1.0,path-size,0.015412443921429757,0.026708414482884885,0.22066133432943333,0.7526302511876819,0.01906999959500956,0.2360737782508628,0.7448562221541272,0.5,29.6935016707873,29.830437697182603,3,4,84,84,0.040586292278021574,0.04166875034570694
Model B,0.84,0.4,1.0,path-size,7.771561172376096e-16,0.2774429404322437,0.40165640731399915,0.32090065225375713,0.27744294043224393,0.4016564073139984,0.3209006522537577,0.49999866014296973,28.873637170657695,28.140089306110283,3,4,28,33,0.031533457804471254,0.04160499991849065
Model A,0.84,0.4,1.0,path-size,0.015697969810945976,0.022253949205899307,0.23113106510639211,0.7466149856877102,0.014163991077089457,0.24682903491733757,0.7390069740055736,0.5,31.272569898949186,31.4133630224814,3,4,83,82,0.04035599995404482,0.040234708692878485
Model B,0.84,0.5,1.0,path-size,2.7755575615628914e-17,0.2774429404322438,0.40165640731399915,0.320900652253757,0.2774429404322438,0.40165640731399915,0.3209006522537571,0.49999967399904954,27.61875841574222,28.459822895257368,3,4,26,32,0.02835325011983514,0.03855424979701638
Model A,0.84,0.5,1.0,path-size,0.015921437889234613,0.01828865775199694,0.24144234468245834,0.740268997565547,0.009791295262237197,0.2573637825716895,0.7328449221660687,0.5,32.85017383761088,32.99516867827326,3,4,82,80,0.04012395814061165,0.039724540896713734
Model B,0.84,0.6,1.0,path-size,1.942890293094024e-16,0.27744294043224393,0.40165640731399915,0.3209006522537571,0.2774429404322437,0.4016564073139991,0.3209006522537572,0.5000000000009671,28.96105760356393,29.998812605522943,3,4,24,26,0.02893766714259982,0.03255962487310171
Model A,0.84,0.6,1.0,path-size,0.016084215163974347,0.014759095471554639,0.25157223592868694,0.7336686685997621,0.005893178744061324,0.2676564510926576,0.7264503701632774,0.5,34.4262661976738,34.575794400936914,3,4,82,78,0.03969529177993536,0.039289959240704775
Model B,0.84,0.7,1.0,path-size,5.551115123125783e-17,0.27744294043224377,0.40165640731399926,0.320900652253757,0.27744294043224377,0.40165640731399926,0.3209006522537569,0.5000000000004018,29.49627080440912,29.566739329897807,3,4,24,27,0.026958583388477564,0.031978500075638294
Model A,0.84,0.7,1.0,path-size,0.016188257183587244,0.011618462231209352,0.2615010559012038,0.7268804818675861,0.0024184091806857756,0.27768931308479006,0.7198922777345215,0.5,36.00083873006899,36.15521682780647,3,4,81,79,0.039248292334377766,0.03920454205945134
Model B,0.84,0.8,1.0,path-size,1.1102230246251565e-16,0.2774429404322437,0.40165640731399915,0.3209006522537571,0.2774429404322438,0.40165640731399915,0.32090065225375697,0.500000000000228,30.639180001646388,30.01706562032834,3,4,28,23,0.035906000062823296,0.029466708190739155
Model A,0.84,0.8,1.0,path-size,0.0160725986968644,0.008825437582805084,0.27121217600947134,0.719962386407724,0.0,0.28728477470633595,0.7127152252936649,0.0,37.57391516558336,37.7282658421489,3,2,81,86,0.038819500245153904,0.04320725006982684
Model B,0.84,0.9,1.0,path-size,1.942890293094024e-16,0.27744294043224393,0.401656407313999,0.3209006522537571,0.2774429404322437,0.40165640731399915,0.3209006522537571,0.5000000000002498,29.852528554876223,30.828193602817073,3,4,23,23,0.025676624849438667,0.02789233298972249
Model A,0.84,0.9,1.0,path-size,0.015418071824286636,0.006343294644811574,0.2806918042969735,0.7129649010582145,0.0,0.2961098761212603,0.7038901238787396,0.0,39.14554497534962,39.28273685437665,3,2,81,72,0.038906124886125326,0.03597962483763695
Model B,0.84,1.0,1.0,path-size,1.6653345369377348e-16,0.27744294043224393,0.401656407313999,0.3209006522537571,0.27744294043224377,0.40165640731399915,0.3209006522537571,0.5000010555569048,30.13056447699074,31.004129833866408,3,4,21,25,0.02313675032928586,0.03093350026756525
Model A,0.84,1.0,1.0,path-size,0.014814950345768005,0.0041392200287557485,0.28992876580612703,0.7059320141651174,0.0,0.30474371615189655,0.6952562838481067,0.0,40.71579784876732,40.8362051434393,3,2,80,70,0.03832499962300062,0.03519341628998518
Model B,0.84,0.0,1.5,path-size,0.026649369828061945,0.05609925799526583,0.2115943184149637,0.7323064235897705,0.03388567993607522,0.23824368824302566,0.7278706318208992,0.49999967420704433,25.35338652470397,25.591322987083352,3,4,19,19,0.024441250134259462,0.025578666012734175
Model A,0.84,0.0,1.5,path-size,0.02664884887833223,0.05609940605167757,0.21159463017492602,0.732305963773398,0.03388573818423804,0.2382434790532577,0.7278707827625047,0.5,25.353386109202376,25.591322915397612,3,4,40,37,0.019601791631430387,0.01865712460130453
Model B,0.84,0.1,1.5,path-size,0.03256943817201153,0.11342715555355268,0.26673305536965597,0.6198397890767914,0.08414332183451952,0.29930249354166744,0.616554184623813,0.5000010792658879,26.486687598720266,26.738457944218354,3,4,82,69,0.11085049994289875,0.08969150017946959
Model A,0.84,0.1,1.5,path-size,0.026820730099480255,0.04826514919587589,0.22321387721367011,0.7285209735904521,0.027204784558800175,0.2500346073131506,0.7227606081280478,0.5,26.932426680110602,27.171072624057167,3,4,87,87,0.042663208208978176,0.04400558304041624
Model B,0.84,0.2,1.5,path-size,0.037851793092985975,0.19547368466659282,0.3127151724657212,0.4918111428676859,0.15807645772391388,0.3505669655587072,0.49135657671737887,0.5000000000025305,27.465488670599953,27.730571140390538,3,4,53,57,0.06698104180395603,0.0756846247240901
Model A,0.84,0.2,1.5,path-size,0.026902338189849204,0.04133098321144753,0.2346580636443832,0.7240109531441691,0.02128735707487851,0.2615604018342321,0.7171522410908886,0.5,28.510953315474822,28.750420353545657,3,4,86,85,0.04185012495145202,0.04262437531724572
Model B,0.84,0.3,1.5,path-size,0.009866446736849804,0.2609480083560001,0.37613876806086727,0.36291322358313266,0.2510815616191503,0.38396701687379675,0.36495142150705295,0.5000000000016147,28.351432995142346,28.59586361828711,3,4,35,56,0.042939667124301195,0.07605508295819163
Model A,0.84,0.3,1.5,path-size,0.0268981861606117,0.035184358328681484,0.24589448540966283,0.7189211562616543,0.016039728376656327,0.27279267157027454,0.7111676000530678,0.5,30.08874290154631,30.329201644461747,3,4,84,83,0.04006450017914176,0.04081474989652634
Model B,0.84,0.4,1.5,path-size,1.942890293094024e-16,0.2774429404322438,0.401656407313999,0.3209006522537572,0.2774429404322437,0.40165640731399915,0.3209006522537571,0.49999906273855477,27.47797367852644,28.394473867584786,3,4,29,36,0.03471079096198082,0.04535520914942026
Model A,0.84,0.4,1.5,path-size,0.026813566173309565,0.029730413353465553,0.25689475009969975,0.7133748365468328,0.011382298494687545,0.2837083162730102,0.7049093852323021,0.5,31.665633670147912,31.90730569576059,3,4,82,80,0.03967279102653265,0.040198291186243296
Model B,0.84,0.5,1.5,path-size,2.220446049250313e-16,0.27744294043224377,0.4016564073139989,0.3209006522537572,0.27744294043224393,0.401656407313999,0.320900652253757,0.5000000000009722,28.830142888144614,29.052031250751547,3,4,28,29,0.03302629105746746,0.034914624877274036
Model A,0.84,0.5,1.5,path-size,0.026654335684525576,0.024888263858120194,0.2676348131854878,0.7074769229563904,0.007246731825460694,0.2942891488700156,0.6984641193045266,0.5,33.241516364804,33.48466531442982,3,4,82,79,0.039896917063742876,0.04026945773512125
Model B,0.84,0.6,1.5,path-size,1.942890293094024e-16,0.27744294043224377,0.40165640731399926,0.32090065225375697,0.2774429404322438,0.4016564073139991,0.32090065225375713,0.5000000000002534,29.311330119105257,30.530881835449684,3,4,25,29,0.029765207786113024,0.03651499981060624
Model A,0.84,0.6,1.5,path-size,0.026426751946357463,0.020588218325799094,0.2780948663666063,0.7013169153075978,0.003573807561943918,0.3045216183129628,0.6919045741250945,0.5,34.81632588522773,35.06124815628826,3,4,81,80,0.03851637523621321,0.04022662481293082
Model B,0.84,0.7,1.5,path-size,8.326672684688674e-17,0.2774429404322439,0.4016564073139991,0.3209006522537571,0.2774429404322437,0.4016564073139991,0.3209006522537571,0.5000001755621921,30.48661379391281,30.904686860158513,3,4,26,28,0.02995237521827221,0.033982290886342525
Model A,0.84,0.7,1.5,path-size,0.026137335656970725,0.016769673728383658,0.2882591315851283,0.6949711946864917,0.0003117918290717731,0.31439646724209586,0.6852917409288297,0.5,36.39003366552497,36.637049214432764,3,4,81,81,0.0396482078358531,0.0411501657217741
Model B,0.84,0.8,1.5,path-size,1.6653345369377348e-16,0.2774429404322437,0.40165640731399915,0.32090065225375713,0.2774429404322438,0.40165640731399926,0.320900652253757,0.5000000000001193,30.744581064256785,30.629498841624432,3,4,25,24,0.02970491675660014,0.02968533430248499
Model A,0.84,0.8,1.5,path-size,0.025149698661901063,0.013379513051364875,0.29811559708190516,0.6885048898667281,0.0,0.3232652957438091,0.6767347042561948,0.0,37.96264085863049,38.19239987385872,3,2,81,73,0.03929774975404143,0.03729929216206074
Model B,0.84,0.9,1.5,path-size,3.885780586188048e-16,0.27744294043224393,0.4016564073139989,0.32090065225375725,0.2774429404322438,0.40165640731399926,0.32090065225375697,0.5000000000001094,30.10127271200622,31.022229648622606,3,4,21,23,0.025119875092059374,0.028824416920542717
Model A,0.84,0.9,1.5,path-size,0.024154535054110273,0.010370875415841523,0.30765571976117323,0.681973404822988,0.0,0.3318102548152838,0.6681897451847195,0.0,39.53417231480972,39.744805660455356,3,2,81,70,0.04017325025051832,0.03595133312046528
Model B,0.84,1.0,1.5,path-size,1.6653345369377348e-16,0.27744294043224377,0.4016564073139991,0.3209006522537572,0.2774429404322439,0.401656407313999,0.3209006522537571,0.500000000000127,31.120112235837603,30.37930863412074,3,4,21,23,0.022595624905079603,0.027178917080163956
Model A,0.84,1.0,1.5,path-size,0.023228596323855294,0.007702203357315361,0.3168741098721794,0.6754236867705097,0.0,0.34010270619603306,0.6598972938039681,0.0,41.10467130936772,41.29666870371207,3,2,81,68,0.039709500037133694,0.03463287511840463
Model B,0.84,0.0,2.0,path-size,0.041669767999598886,0.07058569700263914,0.23561019811738976,0.6938041048799712,0.02992949285801394,0.2772799661169886,0.6927905410249975,0.49999812326163684,25.74478175973107,26.09621668554839,3,4,18,16,0.02316095819696784,0.022085582837462425
Model A,0.84,0.0,2.0,path-size,0.041669858170510166,0.07058576446955904,0.2356099753610835,0.693804260169357,0.029929433221785103,0.27727983353159474,0.6927907332466219,0.5,25.74478168631567,26.09621684883441,3,4,37,36,0.01810058392584324,0.018331124912947416
Model B,0.84,0.1,2.0,path-size,0.05912351243210419,0.13549982201863522,0.28994307522729384,0.5745571027540709,0.07637630958653097,0.34271040759829,0.5809132828151788,0.4999989726894337,26.83146788657936,27.23649275961271,3,4,76,77,0.098106374964118,0.10163762466982007
Model A,0.84,0.1,2.0,path-size,0.04120449861984185,0.06100302944783788,0.24813703389492345,0.6908599366572369,0.023575588251954584,0.28934153251476535,0.6870828792332784,0.5,27.320771790254412,27.67086778295038,3,4,87,86,0.04266004217788577,0.04375404119491577
Model B,0.84,0.2,2.0,path-size,0.07882028149299944,0.2239343287864805,0.33162516681375853,0.4444405043997609,0.1451140472934811,0.39576387503697397,0.45912207766954494,0.500000000000433,27.771077520711238,28.227094563409594,3,4,73,56,0.10382566694170237,0.07847479125484824
Model A,0.84,0.2,2.0,path-size,0.04063571583303634,0.052549191050714886,0.26035051683941784,0.6871002921098686,0.017968119994169744,0.3009862326724543,0.6810456473333775,0.5,28.896764962649378,29.245476729734946,3,4,85,83,0.04220062494277954,0.04236095771193504
Model B,0.84,0.3,2.0,path-size,0.044596703007864794,0.2774429404322438,0.40165640731399915,0.320900652253757,0.23284623742437902,0.42676432438171846,0.3403894381939025,0.5000000000032663,27.332135028029853,28.300229703662296,3,4,31,52,0.03651541704311967,0.06749208318069577
Model A,0.84,0.3,2.0,path-size,0.03997588091896258,0.0450782506854713,0.2722205754123161,0.682701173902213,0.013013704686905042,0.31219645633127746,0.6747898389818154,0.5,30.472544640246305,30.819922975712323,3,4,83,81,0.04090670822188258,0.04132137494161725
Model B,0.84,0.4,2.0,path-size,1.226796442210798e-14,0.2774429404322439,0.401656407313999,0.3209006522537571,0.27744294043223167,0.40165640731400465,0.32090065225376374,0.5000000000001396,28.66851683449549,29.864300080672606,3,4,27,31,0.031147167086601257,0.0409022499807179
Model A,0.84,0.4,2.0,path-size,0.03923780024149908,0.038467435765926164,0.28372298479854835,0.6778095794355228,0.008632744638250731,0.32296078504005016,0.6684064703217019,0.5,32.047943529134514,32.39412600081029,3,4,82,80,0.04038324998691678,0.04077954217791557
Model B,0.84,0.5,2.0,path-size,1.1102230246251565e-16,0.2774429404322437,0.4016564073139991,0.3209006522537571,0.27744294043224366,0.40165640731399926,0.3209006522537571,0.5000000000005902,29.88958391818165,30.527398046632307,3,4,27,31,0.03327062493190169,0.04016954218968749
Model A,0.84,0.5,2.0,path-size,0.03843426764086459,0.03261242671660188,0.29483913932855643,0.6725484339548403,0.004756744060515512,0.33327340696942287,0.661969848970064,0.5,33.622837955999216,33.96803642034787,3,4,81,81,0.03990445798262954,0.04135033302009106
Model B,0.84,0.6,2.0,path-size,1.1102230246251565e-16,0.2774429404322438,0.40165640731399915,0.320900652253757,0.27744294043224377,0.40165640731399926,0.3209006522537571,0.5000000000002005,28.852741762089273,30.244996947607184,3,4,23,28,0.02657237509265542,0.03544537490233779
Model A,0.84,0.6,2.0,path-size,0.03757772491891522,0.027423759763427875,0.305555836448076,0.667020403788493,0.001326319993479283,0.3431335613669937,0.6555401186395289,0.5,35.1971414813614,35.54162843748827,3,4,81,81,0.0399490837007761,0.04129783296957612
Model B,0.84,0.7,2.0,path-size,1.1102230246251565e-16,0.27744294043224393,0.4016564073139991,0.32090065225375697,0.2774429404322438,0.4016564073139991,0.3209006522537571,0.5000000000001724,29.299244073861836,31.447903004848783,3,4,24,26,0.027718459255993366,0.03256887476891279
Model A,0.84,0.7,2.0,path-size,0.036229331036989165,0.02282408268614717,0.3158649183368411,0.6613109989770152,0.0,0.3520942493738267,0.6479057506261696,0.0,36.77079863227041,37.10262405992761,3,2,80,83,0.03942212462425232,0.04228912480175495
Model B,0.84,0.8,2.0,path-size,1.6653345369377348e-16,0.27744294043224377,0.40165640731399926,0.320900652253757,0.2774429404322437,0.4016564073139991,0.32090065225375713,0.5000000000001776,30.47032427333191,31.761457592608494,3,4,22,25,0.025184625294059515,0.03294058330357075
Model A,0.84,0.8,2.0,path-size,0.03463372080077446,0.01874604096567568,0.32576281862520323,0.655491140409121,0.0,0.3603965394259797,0.6396034605740243,0.0,38.34377916478823,38.65430069118126,3,2,81,70,0.040434957947582006,0.03623474994674325
Model B,0.84,0.9,2.0,path-size,1.942890293094024e-16,0.2774429404322438,0.40165640731399926,0.32090065225375697,0.277442940432244,0.4016564073139991,0.320900652253757,0.5000015437149649,30.79948637085529,30.167452839638926,3,4,20,29,0.02349045779556036,0.03644279204308987
Model A,0.84,0.9,2.0,path-size,0.03314761465651818,0.015130634446616973,0.3352500498185041,0.6496193157348749,0.0,0.36839766447502476,0.6316023355249761,0.0,39.91607302223176,40.20572800389968,3,2,81,68,0.040272791869938374,0.03528020903468132
Model B,0.84,1.0,2.0,path-size,5.551115123125783e-17,0.27744294043224377,0.40165640731399926,0.320900652253757,0.2774429404322438,0.40165640731399926,0.32090065225375697,0.500000000000189,31.081618869002945,31.977352836743442,3,4,22,32,0.02342679211869836,0.044612625148147345
Model A,0.84,1.0,2.0,path-size,0.03176585733656454,0.011925926973931257,0.3443306601316834,0.6437434128943862,0.0,0.37609651746824546,0.6239034825317504,0.0,41.48768602187627,41.75703744361978,3,2,81,66,0.03871124982833862,0.03313716594129801
Model B,0.88,0.0,0.0,none,0.020637150873087824,0.02433069641145897,0.14659090125553118,0.8290784023330099,0.04496784728454686,0.14295259211942116,0.8120795605960321,0.5000000000015623,24.102211623342647,24.017585535120062,3,4,18,17,0.022621000185608864,0.02311550034210086
Model A,0.88,0.0,0.0,none,0.02063724436932104,0.024330602869722058,0.1465913279080308,0.8290780692222459,0.0449678472390439,0.14295249179654618,0.8120796609644103,0.5,24.102211636252825,24.017585585105124,3,4,41,34,0.019822999835014343,0.01687479205429554
Model B,0.88,0.1,0.0,none,0.048383895704488734,0.06635755240347829,0.2568971405934723,0.6767453070030494,0.114741448107967,0.24279454361906233,0.6424640082729706,0.5000014386617979,25.66206512910866,25.466274360844352,3,4,68,80,0.08473112480714917,0.10501749999821186
Model A,0.88,0.1,0.0,none,0.023203455421755836,0.02821306854717946,0.18861252049300933,0.7831744109598107,0.05141652396893541,0.1836224005760103,0.764961075455054,0.5,26.053283168895256,25.949084906488004,3,4,93,93,0.057024416979402304,0.04557870887219906
Model B,0.88,0.2,0.0,none,0.07785750523156788,0.13045867191522875,0.38107793042560395,0.48846339765916724,0.2083161771467967,0.34878121597298783,0.44290260688021554,0.49999918051704956,26.951586584715457,26.646260367646974,3,4,56,65,0.06847595795989037,0.08425787510350347
Model A,0.88,0.2,0.0,none,0.025289411293514114,0.031655623799258126,0.23603017221786798,0.7323142039828757,0.05694503509277099,0.22970156767029198,0.7133533972369364,0.5,27.968590456453718,27.846000318234616,3,4,91,91,0.04376512486487627,0.0442154579795897
Model B,0.88,0.3,0.0,none,0.06937982263470074,0.208063117797543,0.4406701040656797,0.3512667781367773,0.27744294043224377,0.40165640731399926,0.320900652253757,0.500000000001358,28.00099315757336,26.604295477907804,3,4,40,44,0.04998345812782645,0.15528154093772173
Model A,0.88,0.3,0.0,none,0.02689396558605469,0.03460539125035057,0.28766769605905473,0.6777269126905955,0.061499356836405505,0.2801750712214463,0.6583255719421495,0.5,29.85369062134133,29.71380625588045,3,4,88,89,0.041904792189598083,0.04291208414360881
Model B,0.88,0.4,0.0,none,1.3877787807814457e-16,0.2774429404322438,0.40165640731399915,0.320900652253757,0.2774429404322439,0.401656407313999,0.3209006522537571,0.49999799957635693,27.12846502145188,28.259067456171643,3,4,26,35,0.028917040675878525,0.04277791688218713
Model A,0.88,0.4,0.0,none,0.028068560002681164,0.037111065532840416,0.3416148585804711,0.6212740758866897,0.06517962553552131,0.33327400240772914,0.6015463720567502,0.5,31.716234938219444,31.55957358320955,3,4,86,86,0.04073408339172602,0.041815292090177536
Model B,0.88,0.5,0.0,none,1.1102230246251565e-16,0.2774429404322437,0.40165640731399926,0.3209006522537571,0.27744294043224366,0.40165640731399915,0.32090065225375713,0.5000000000003015,29.567360054917636,29.08288933544383,3,4,24,29,0.030161582864820957,0.03587416699156165
Model A,0.88,0.5,0.0,none,0.0289121471651457,0.03931726279353736,0.3953165717222241,0.5653661654842359,0.06822940995868486,0.3865152435626993,0.5452553464786168,0.5,33.565172289783376,33.39143684234307,3,4,83,84,0.03883020766079426,0.04131112480536103
Model B,0.88,0.6,0.0,none,2.7755575615628914e-17,0.2774429404322439,0.401656407313999,0.3209006522537572,0.2774429404322439,0.401656407313999,0.32090065225375713,0.5000000000003334,28.671878415530067,29.436677260226098,3,4,24,28,0.027626583352684975,0.03423250000923872
Model A,0.88,0.6,0.0,none,0.02955026207816232,0.041422260731682085,0.4461525045595172,0.5124252347088044,0.0709725228098442,0.43724123412413507,0.49178624306602403,0.5,35.40913644860409,35.21731518764206,3,4,82,82,0.03876891592517495,0.039605666883289814
Model B,0.88,0.7,0.0,none,8.326672684688674e-17,0.27744294043224366,0.40165640731399915,0.3209006522537571,0.27744294043224377,0.40165640731399915,0.320900652253757,0.5000000000001624,30.76106896759233,29.839714182287764,3,4,25,23,0.028002250008285046,0.027978540863841772
Model A,0.88,0.7,0.0,none,0.030098035828369625,0.04361240938102014,0.49222694776894044,0.46416064285004033,0.07371044520938821,0.4834344364761544,0.4428551183144552,0.5,37.25458777423225,37.043275817157536,3,4,81,80,0.03861312521621585,0.039758291095495224
Model B,0.88,0.8,0.0,none,2.220446049250313e-16,0.27744294043224377,0.4016564073139993,0.32090065225375697,0.27744294043224393,0.4016564073139991,0.320900652253757,0.5000000000001544,31.070756378633128,30.067755568909355,3,4,27,26,0.034826542250812054,0.033939416985958815
Model A,0.88,0.8,0.0,none,0.03063064904664781,0.04601608271693849,0.5327376244991878,0.4212462927838754,0.0766467317635858,0.5241610825061908,0.39919218573022414,0.5,39.104985491256016,38.872702151309,3,4,81,79,0.038415207993239164,0.039109417237341404
Model B,0.88,0.9,0.0,none,1.942890293094024e-16,0.2774429404322439,0.4016564073139991,0.32090065225375697,0.2774429404322437,0.40165640731399915,0.32090065225375713,0.500000000000159,30.713642837626708,30.966371716529366,3,4,23,21,0.026739875320345163,0.025864250026643276
Model A,0.88,0.9,0.0,none,0.031179016174333392,0.04869795951897472,0.5677694356457534,0.3835326048352678,0.07987697569330801,0.559416123785405,0.3607069005212828,0.5,40.961284068509016,40.7066695721948,3,4,80,78,0.03888295870274305,0.03876174986362457
Model B,0.88,1.0,0.0,none,1.1102230246251565e-16,0.2774429404322437,0.4016564073139991,0.32090065225375713,0.27744294043224366,0.40165640731399926,0.32090065225375713,0.500000000000138,32.21031193869702,31.36840725742151,3,4,21,21,0.02411120804026723,0.026618792209774256
Model A,0.88,1.0,0.0,none,0.03174276783436823,0.051676640794852235,0.5978771165468262,0.3504462426583223,0.08341940862922123,0.5897101352001894,0.3268704561705916,0.5,42.82294972569744,42.544859173713135,3,4,79,77,0.03815804189071059,0.038396624848246574
Model B,0.88,0.0,0.5,path-size,0.01243214259014138,0.033150622341796485,0.16685202196336416,0.7999973556948393,0.04142902844002366,0.17100575845527838,0.787565213104698,0.49999875648842135,24.53144558055434,24.551504471020948,3,4,19,18,0.023738667368888855,0.02333383308723569
Model A,0.88,0.0,0.5,path-size,0.012432603308937754,0.033150617104203535,0.16685155680826266,0.7999978260875353,0.041429286568316584,0.17100549065308665,0.7875652227785969,0.5,24.53144580483024,24.55150400169004,3,4,41,39,0.020153459161520004,0.01976658310741186
Model B,0.88,0.1,0.5,path-size,0.024372305331569012,0.08175908061108887,0.2823978827112605,0.6358430366776506,0.10613138594265786,0.28231270828952415,0.6115559057678179,0.5000000000042758,26.03158838058421,25.979247098755202,3,4,63,65,0.07937779184430838,0.08878450002521276
Model A,0.88,0.1,0.5,path-size,0.014011811684849225,0.037385948564219236,0.21197690262019572,0.7506371488155849,0.047030000309222435,0.2163446625600413,0.7366253371307352,0.5,26.46229837562189,26.46934235312898,3,4,93,93,0.04607358295470476,0.0486393328756094
Model B,0.88,0.2,0.5,path-size,0.04050343875810042,0.15215432138346047,0.40402124384476545,0.443824434771774,0.19265776014156094,0.3939267039306939,0.4134155359277452,0.4999996870483084,27.265417103887025,27.14287891188961,3,4,56,70,0.07016254123300314,0.09879170916974545
Model A,0.88,0.2,0.5,path-size,0.015171053427049535,0.041025782568784586,0.26209277616978494,0.6968814412614319,0.05172683927385648,0.26656277289176217,0.681710387834382,0.5,28.359146895416956,28.3541624595155,3,4,91,91,0.044950791634619236,0.04607541719451547
Model B,0.88,0.3,0.5,path-size,0.045324536120681644,0.23211840431156042,0.4271732165950942,0.34070837909334534,0.2774429404322421,0.4016564073139982,0.32090065225375974,0.500000000000358,28.255237105220246,28.09005884138459,3,4,33,40,0.03890454210340977,0.04925741581246257
Model A,0.88,0.3,0.5,path-size,0.015911123738392756,0.04406497384004474,0.31564105101924084,0.6402939751407157,0.05554984886070321,0.32006729973697523,0.6243828514023231,0.5,30.228594651946402,30.212775604573913,3,4,88,88,0.04230745928362012,0.04394150013104081
Model B,0.88,0.4,0.5,path-size,2.498001805406602e-16,0.27744294043224366,0.40165640731399915,0.3209006522537572,0.2774429404322439,0.401656407313999,0.3209006522537571,0.4999994771080954,29.068447732943575,28.600046247481487,3,4,24,35,0.027172415982931852,0.043260165955871344
Model A,0.88,0.4,0.5,path-size,0.016252131497492908,0.04661933034404374,0.3702973643445857,0.5830833053113692,0.05868305023990448,0.3744857759462174,0.5668311738138758,0.5,32.07905490313169,32.05347015666926,3,4,85,86,0.04131329106166959,0.04361279075965285
Model B,0.88,0.5,0.5,path-size,5.551115123125783e-17,0.2774429404322438,0.401656407313999,0.3209006522537571,0.2774429404322438,0.4016564073139991,0.3209006522537571,0.499998380688573,29.243088989011383,29.538799218926115,3,4,23,33,0.025981375016272068,0.04118287516757846
Model A,0.88,0.5,0.5,path-size,0.016266874723206957,0.04889865059968985,0.4233084725594211,0.5277928768408853,0.06142094954526518,0.4270530483370557,0.5115260021176813,0.5,33.91960064781276,33.884909719526846,3,4,83,83,0.03985245805233717,0.041433457750827074
Model B,0.88,0.6,0.5,path-size,1.3877787807814457e-16,0.27744294043224393,0.401656407313999,0.32090065225375713,0.2774429404322438,0.4016564073139991,0.3209006522537571,0.49999965654381134,29.77983478083636,30.098593187016,3,4,23,25,0.02620541723445058,0.031561125069856644
Model A,0.88,0.6,0.5,path-size,0.016085283214244912,0.05113794426006403,0.47227810451862606,0.4765839512213059,0.06407392035521478,0.47542741163772134,0.46049866800706213,0.5,35.7580842699459,35.7143765234194,3,4,82,82,0.040300624910742044,0.04157349979504943
Model B,0.88,0.7,0.5,path-size,1.3877787807814457e-16,0.2774429404322437,0.4016564073139991,0.3209006522537572,0.2774429404322438,0.40165640731399915,0.3209006522537571,0.5000000000002028,30.925561351084355,30.448167178978274,3,4,26,25,0.03131008427590132,0.03196808323264122
Model A,0.88,0.7,0.5,path-size,0.01584356421254423,0.05352483830671734,0.5158312654437778,0.43064389624950816,0.06687679030465103,0.518322877658388,0.41480033203696365,0.5,37.59962112497128,37.54646342864737,3,4,81,80,0.03981524985283613,0.040529458317905664
Model B,0.88,0.8,0.5,path-size,3.3306690738754696e-16,0.27744294043224355,0.40165640731399943,0.32090065225375697,0.2774429404322438,0.4016564073139991,0.320900652253757,0.5000000000001436,31.375211249698786,30.428082622358367,3,4,22,25,0.026370790787041187,0.029646709095686674
Model A,0.88,0.8,0.5,path-size,0.01563258314599271,0.056169118142122276,0.553666575018301,0.3901643068395729,0.06995719264522968,0.5555110836611885,0.37453172369358245,0.5,39.44643634633394,39.38307205111826,3,4,80,79,0.03905791696161032,0.039521375205367804
Model B,0.88,0.9,0.5,path-size,7.494005416219807e-16,0.27744294043224377,0.401656407313999,0.32090065225375725,0.2774429404322445,0.40165640731399826,0.3209006522537573,0.49999809989912136,31.89212079294107,31.052689063350194,3,4,24,25,0.02742179064080119,0.03198633389547467
Model A,0.88,0.9,0.5,path-size,0.015488818425355207,0.059113888487121215,0.5861759660792685,0.3547101454336118,0.07335623790209203,0.5874224350896542,0.3392213270082579,0.5,41.298722251710686,41.22428417658523,3,4,79,78,0.03821458341553807,0.039007042068988085
Model B,0.88,1.0,0.5,path-size,2.1094237467877974e-15,0.27744294043224493,0.40165640731400015,0.3209006522537549,0.2774429404322438,0.40165640731399915,0.320900652253757,0.5000000000001269,31.636230466159105,31.649727535515872,3,4,27,21,0.032130083069205284,0.02616445766761899
Model A,0.88,1.0,0.5,path-size,0.015412296086002475,0.06236017736888383,0.6140409812880373,0.32359884134307737,0.07706308359081326,0.6147503711521131,0.3081865452570776,0.5,43.1556203154522,43.06928067807067,3,4,78,77,0.03804550040513277,0.039091333746910095
Model B,0.88,0.0,1.0,path-size,0.014178621228766657,0.04367707760654039,0.18858417630131938,0.7677387460921403,0.03772898220366129,0.20276279753008603,0.7595082202662528,0.4999999999984293,24.948744363411706,25.076278194464592,3,4,17,18,0.023441624827682972,0.026479790918529034
Model A,0.88,0.0,1.0,path-size,0.014179557240426615,0.04367711397244231,0.18858231661790886,0.7677405694096481,0.03772906542975394,0.20276187385833558,0.7595090607119099,0.5,24.948745010743075,25.076278342417922,3,4,47,44,0.024797500111162663,0.0222422918304801
Model B,0.88,0.1,1.0,path-size,0.016774070280656264,0.09922156590610973,0.3079622119813543,0.5928162221125359,0.09727388503243312,0.3247362822620107,0.5779898327055564,0.5000027963449649,26.38803186680976,26.48273377505518,3,4,57,68,0.07261041598394513,0.08835629187524319
Model A,0.88,0.1,1.0,path-size,0.015957792322079764,0.048174790326525475,0.23662325386249003,0.7152019558109833,0.04250446124333699,0.25258104618457,0.7049144925720923,0.5,26.85927068638282,26.980263929427835,3,4,93,93,0.04571137484163046,0.046563709154725075
Model B,0.88,0.2,1.0,path-size,0.016131809265252914,0.17544103619231238,0.4248556179986582,0.39970334580902944,0.17690867626495835,0.4395197871912651,0.3835715365437765,0.49999986530316143,27.567778111638297,27.633355214283526,3,4,51,68,0.06471004104241729,0.08966737519949675
Model A,0.88,0.2,1.0,path-size,0.01726020257671706,0.05191182625496817,0.28906625468271435,0.6590219190623186,0.04643625737248445,0.3063264572594302,0.647237285368084,0.5,28.738097835665997,28.85372699332438,3,4,91,90,0.04409566707909107,0.044652792159467936
Model B,0.88,0.3,1.0,path-size,0.003363980635832209,0.25716564116336105,0.41308523590470525,0.3297491229319338,0.26052962179919315,0.41119062490379443,0.3282797532970123,0.5000000000000276,28.500926473470237,27.771271634046634,3,4,39,40,0.049181750044226646,0.05062745790928602
Model A,0.88,0.3,1.0,path-size,0.017836580141646872,0.05495309283537313,0.34393277164953573,0.6011141355150931,0.04964191845371663,0.3617693517911808,0.5885887297551009,0.5,30.59274530143753,30.704897561946616,3,4,88,87,0.04214237490668893,0.0430459170602262
Model B,0.88,0.4,1.0,path-size,1.6653345369377348e-16,0.2774429404322437,0.4016564073139991,0.3209006522537571,0.2774429404322438,0.401656407313999,0.3209006522537572,0.5000000000003806,29.297099304947004,28.03087893017873,3,4,25,32,0.02991495793685317,0.03909441735595465
Model A,0.88,0.4,1.0,path-size,0.017551261647251442,0.05749628030774456,0.3985540009100923,0.5439497187821642,0.05237268606036508,0.41610526255734437,0.5315220513822929,0.5,32.43213027741591,32.542991228804,3,4,85,85,0.03997333301231265,0.04167741583660245
Model B,0.88,0.5,1.0,path-size,8.326672684688674e-17,0.2774429404322439,0.40165640731399915,0.32090065225375697,0.2774429404322438,0.40165640731399915,0.3209006522537571,0.5000000000002415,28.704820324482284,28.77032890286884,3,4,25,28,0.027222333941608667,0.03583679208531976
Model A,0.88,0.5,1.0,path-size,0.016518981775414786,0.05981435053161338,0.4501841442239122,0.4900015052444743,0.054933919443945135,0.46670312599932845,0.4783629545567292,0.5,34.265035042108025,34.37646533036386,3,4,83,83,0.039888749830424786,0.040569042321294546
Model B,0.88,0.6,1.0,path-size,1.1102230246251565e-16,0.27744294043224377,0.401656407313999,0.32090065225375713,0.2774429404322437,0.401656407313999,0.3209006522537573,0.5000000000002981,30.554062154020265,30.55125050770104,3,4,24,26,0.027027708012610674,0.031171957962214947
Model A,0.88,0.6,1.0,path-size,0.015050489868079275,0.062163947796467944,0.4968431189128741,0.44099293329065536,0.057585279340250595,0.5118936087809564,0.43052111187879644,0.5,36.09821066938599,36.21127862370898,3,4,82,81,0.03915204061195254,0.03961779084056616
Model B,0.88,0.7,1.0,path-size,1.942890293094024e-16,0.27744294043224377,0.40165640731399915,0.3209006522537571,0.2774429404322438,0.401656407313999,0.32090065225375725,0.5000004495245364,30.9920560492151,30.139421401273317,3,4,23,29,0.025678958743810654,0.036714000161737204
Model A,0.88,0.7,1.0,path-size,0.013460394117126018,0.0647199264859508,0.5377090480184991,0.3975710254955524,0.06048678562469188,0.5511694421356241,0.38834377223968436,0.5,37.935434384399585,38.050385437354166,3,4,81,80,0.04027537535876036,0.04113249992951751
Model B,0.88,0.8,1.0,path-size,1.3877787807814457e-16,0.2774429404322437,0.40165640731399915,0.32090065225375713,0.2774429404322438,0.4016564073139991,0.320900652253757,0.5000000000001297,31.566372540158213,30.77350800706777,3,4,24,24,0.029305458068847656,0.03025262476876378
Model A,0.88,0.8,1.0,path-size,0.011948144945793,0.0675671458328324,0.5728938620712152,0.35953899209595036,0.06370518745051304,0.58484200701701,0.3514528055324785,0.5,39.77792699038251,39.894443801254084,3,4,80,79,0.039453167002648115,0.04047458292916417
Model B,0.88,0.9,1.0,path-size,1.942890293094024e-16,0.2774429404322438,0.40165640731399915,0.3209006522537569,0.2774429404322437,0.40165640731399926,0.3209006522537571,0.5000000000001094,32.23310264754497,32.012525163984165,3,4,26,22,0.030357334297150373,0.02671599993482232
Model A,0.88,0.9,1.0,path-size,0.010599422351786639,0.0707259740951634,0.6029965089977096,0.3262775169071256,0.06724606849421308,0.6135959313494959,0.31915800015628887,0.5,41.62535578175114,41.74284286453154,3,4,79,78,0.03833070816472173,0.03938066679984331
Model B,0.88,1.0,1.0,path-size,2.7755575615628914e-17,0.2774429404322438,0.4016564073139991,0.3209006522537571,0.2774429404322438,0.40165640731399915,0.3209006522537571,0.5000000000001329,32.755438243988465,32.76548955473014,3,4,26,24,0.030005583073943853,0.028632416855543852
Model A,0.88,1.0,1.0,path-size,0.009431622298140464,0.07418045252640956,0.6287609074367765,0.29705864003681554,0.07108269481927483,0.6381925297349154,0.2907247754458082,0.5,43.476689773180254,43.594466876750104,3,4,78,77,0.03831404121592641,0.0390793327242136
Model B,0.88,0.0,1.5,path-size,0.026649369828061945,0.05609925799526583,0.2115943184149637,0.7323064235897705,0.03388567993607522,0.23824368824302566,0.7278706318208992,0.49999967420704433,25.35338652470397,25.591322987083352,3,4,19,19,0.02445900021120906,0.025379375088959932
Model A,0.88,0.0,1.5,path-size,0.02664884887833223,0.05609940605167757,0.21159463017492602,0.732305963773398,0.03388573818423804,0.2382434790532577,0.7278707827625047,0.5,25.353386109202376,25.591322915397612,3,4,40,37,0.01981604192405939,0.02082041697576642
Model B,0.88,0.1,1.5,path-size,0.0363999789103868,0.11876657069788618,0.3330978363159799,0.5481355929861338,0.08832091528497645,0.3694978152263667,0.5421812694886567,0.499999842675936,26.73140462803282,26.976978902838532,3,4,57,66,0.0715744998306036,0.0874891672283411
Model A,0.88,0.1,1.5,path-size,0.02979968973218873,0.06072545490399127,0.2622597215641069,0.6770148235319018,0.03788369457451614,0.292059411296295,0.6700568941291876,0.5,27.24375709195921,27.481744639414373,3,4,93,93,0.04631883418187499,0.04763391660526395
Model B,0.88,0.2,1.5,path-size,0.03943168352309227,0.20001376690720965,0.44325696295747796,0.3567292701353123,0.16058208338411745,0.4672036943105143,0.3722142223053683,0.5000000000006878,27.859280065230386,28.11130733312112,3,4,53,59,0.06966258399188519,0.07838070811703801
Model A,0.88,0.2,1.5,path-size,0.0318212943518246,0.06442873021943968,0.3165365705275448,0.6190346992530142,0.04114552034898238,0.34835786487936987,0.6104966147716474,0.5,29.10522074281885,29.34521846381169,3,4,91,90,0.04445258295163512,0.04443391738459468
Model B,0.88,0.3,1.5,path-size,0.037232048467641415,0.27744294043224377,0.4016564073139991,0.32090065225375713,0.24021089196460238,0.42262524937978974,0.33716385865560794,0.5000000000041365,28.744583495953776,28.96947886394439,3,4,24,50,0.02711129141971469,0.06485841702669859
Model A,0.88,0.3,1.5,path-size,0.03232853492920684,0.06736680232122205,0.37203163689124014,0.5606015607875363,0.04386759005011443,0.40436017182044787,0.551772238129438,0.5,30.94603114618326,31.191267511897017,3,4,88,86,0.04261641716584563,0.04328925022855401
Model B,0.88,0.4,1.5,path-size,1.1102230246251565e-16,0.27744294043224377,0.40165640731399926,0.3209006522537571,0.2774429404322438,0.4016564073139991,0.3209006522537571,0.49999868019539156,28.974501679424833,29.255208084221046,3,4,24,36,0.027055375277996063,0.04475524974986911
Model A,0.88,0.4,1.5,path-size,0.0313222137260612,0.06982735417565562,0.4258769198452231,0.5042957259791179,0.04633526344270723,0.4571991335712878,0.49646560298600856,0.5,32.77527571974498,33.02939938935414,3,4,85,84,0.0420765420421958,0.04237558413296938
Model B,0.88,0.5,1.5,path-size,1.1102230246251565e-16,0.2774429404322439,0.40165640731399915,0.32090065225375697,0.2774429404322438,0.40165640731399926,0.3209006522537569,0.500000000000206,29.08111367521952,30.12876117203674,3,4,25,34,0.03002533270046115,0.04406733298674226
Model A,0.88,0.5,1.5,path-size,0.029249414019404694,0.07213508819131942,0.4755561970912729,0.45230871471740886,0.04882359486177619,0.5048056111106789,0.4463707940275487,0.5,34.60105121107631,34.86704299085672,3,4,83,83,0.040668499656021595,0.04086295794695616
Model B,0.88,0.6,1.5,path-size,6.661338147750939e-16,0.2774429404322437,0.401656407313999,0.3209006522537572,0.2774429404322443,0.4016564073139984,0.3209006522537573,0.4999998946557487,30.72323603638968,29.847548423710343,3,4,25,28,0.028799500316381454,0.035156582947820425
Model A,0.88,0.6,1.5,path-size,0.026713563037638367,0.07454979424258258,0.5196208990969247,0.40582930666049366,0.05152329145320078,0.5463344621345607,0.4021422464122348,0.5,36.428843291298605,36.708445464888726,3,4,82,82,0.03931441670283675,0.040680583100765944
Model B,0.88,0.7,1.5,path-size,1.6653345369377348e-16,0.27744294043224377,0.401656407313999,0.3209006522537571,0.2774429404322437,0.40165640731399926,0.3209006522537571,0.4999993582838319,31.23278684582801,31.52319803349426,3,4,26,28,0.028202499728649855,0.034295749850571156
Model A,0.88,0.7,1.5,path-size,0.02417180889306913,0.07722193939421701,0.5577572468439833,0.3650208137618015,0.054528828637437424,0.5819290557370527,0.3635421156255122,0.5,38.26122988869963,38.55505930288692,3,4,81,81,0.03944250009953976,0.04035970801487565
Model B,0.88,0.8,1.5,path-size,1.6653345369377348e-16,0.27744294043224377,0.401656407313999,0.3209006522537571,0.2774429404322437,0.40165640731399915,0.3209006522537572,0.49999841216917673,31.707726629788695,32.02779519534759,3,4,31,27,0.03647687518969178,0.033738791942596436
Model A,0.88,0.8,1.5,path-size,0.022343231174441397,0.08020802387558242,0.5903843745895342,0.32940760153488385,0.05786479270113905,0.6122426462097339,0.32989256108912357,0.5,40.098673626383686,40.4066152417832,3,4,80,79,0.040236332919448614,0.0415270421653986
Model B,0.88,0.9,1.5,path-size,1.6653345369377348e-16,0.2774429404322437,0.40165640731399915,0.32090065225375713,0.27744294043224393,0.40165640731399915,0.320900652253757,0.4999991465229125,32.15978983235628,32.87579626287855,3,4,26,27,0.03088983427733183,0.0345043339766562
Model A,0.88,0.9,1.5,path-size,0.021989880537774977,0.08350600879845894,0.618224219933728,0.29826977126780857,0.06151612826068555,0.638073024143574,0.3004108475957391,0.5,41.94050899085988,42.26205959783435,3,4,79,79,0.0399489589035511,0.039622874930500984
Model B,0.88,1.0,1.5,path-size,1.1102230246251565e-16,0.2774429404322437,0.40165640731399915,0.32090065225375713,0.2774429404322438,0.4016564073139991,0.3209006522537571,0.49999869002089564,32.590731816890596,33.38579006140678,3,4,27,25,0.03199499985203147,0.031106332782655954
Model A,0.88,1.0,1.5,path-size,0.02163550764132155,0.0870842023117335,0.6420376343682695,0.27087816331999426,0.06544869467041095,0.6601770732999064,0.274374232029678,0.5,43.78563872068838,44.120118980603806,3,4,78,78,0.03752004075795412,0.03935300000011921
Model B,0.88,0.0,2.0,path-size,0.041669767999598886,0.07058569700263914,0.23561019811738976,0.6938041048799712,0.02992949285801394,0.2772799661169886,0.6927905410249975,0.49999812326163684,25.74478175973107,26.09621668554839,3,4,18,16,0.02312979195266962,0.021727750077843666
Model A,0.88,0.0,2.0,path-size,0.041669858170510166,0.07058576446955904,0.2356099753610835,0.693804260169357,0.029929433221785103,0.27727983353159474,0.6927907332466219,0.5,25.74478168631567,26.09621684883441,3,4,37,36,0.018075916450470686,0.018083957955241203
Model B,0.88,0.1,2.0,path-size,0.06095170552481688,0.14035103104434746,0.3572126470239946,0.502436321931658,0.07939932551953063,0.4154228232353498,0.5051778512451197,0.49999895250562154,27.061881050039425,27.46274360271555,3,4,71,69,0.09252549987286329,0.0939778327010572
Model A,0.88,0.1,2.0,path-size,0.04575181521769122,0.07515998419545639,0.28849800046349366,0.63634201534105,0.03322522426035636,0.33424981568118384,0.6325249600584577,0.5,27.61544778932837,27.973986060601632,3,4,93,92,0.04534512525424361,0.046303083188831806
Model B,0.88,0.2,2.0,path-size,0.07995478728402822,0.22426650866051706,0.4315824547814371,0.34415103655804574,0.1443117213764889,0.4762598503782572,0.3794284282452539,0.49999816347187953,28.131547130381236,28.07887681562638,3,4,36,55,0.04308687523007393,0.0687940837815404
Model A,0.88,0.2,2.0,path-size,0.047779312712947816,0.07866834587608698,0.3440063588522574,0.5773252952716559,0.03593604199189016,0.39178567156520566,0.5722782864429053,0.5,29.460394470706213,29.829515922939493,3,4,91,88,0.04452120792120695,0.043614666908979416
Model B,0.88,0.3,2.0,path-size,0.056942532766981,0.27744294043224377,0.4016564073139991,0.32090065225375713,0.2205004076652628,0.43369605344912987,0.3458035388856074,0.499999999999297,28.993453874387384,29.39217164030684,3,4,28,42,0.0335697908885777,0.052529874723404646
Model A,0.88,0.3,2.0,path-size,0.0474557482767519,0.08138021317742711,0.3993964331871044,0.5192233536354666,0.038312639045193095,0.4468521814638563,0.5148351794909487,0.5,31.288372374267247,31.67314993619904,3,4,87,86,0.04207462491467595,0.04245737474411726
Model B,0.88,0.4,2.0,path-size,4.440892098500626e-16,0.27744294043224393,0.40165640731399943,0.32090065225375675,0.2774429404322438,0.4016564073139991,0.3209006522537572,0.5000001402170466,29.357810486661542,29.544189229373366,3,4,25,34,0.030237209051847458,0.042996374890208244
Model A,0.88,0.4,2.0,path-size,0.045183196505395186,0.08367104152568833,0.45180088764517257,0.46452807082914027,0.04063340039029671,0.49698408415056905,0.462382515459138,0.5,33.108266232205224,33.513810124720536,3,4,85,84,0.04079370805993676,0.04167333338409662
Model B,0.88,0.5,2.0,path-size,1.6653345369377348e-16,0.27744294043224377,0.4016564073139991,0.32090065225375713,0.2774429404322437,0.40165640731399926,0.320900652253757,0.5000006841460675,30.339103314649265,30.71258672985197,3,4,24,31,0.027068041265010834,0.03932216623798013
Model A,0.88,0.5,2.0,path-size,0.042782320595357186,0.08589785090774196,0.49911726329375367,0.41498488579850334,0.04311553031238456,0.5409402832122393,0.4159441864753747,0.5,34.92718603803051,35.35726866408882,3,4,83,83,0.03995770821347833,0.04115383327007294
Model B,0.88,0.6,2.0,path-size,1.1102230246251565e-16,0.2774429404322439,0.401656407313999,0.3209006522537571,0.2774429404322438,0.40165640731399915,0.3209006522537571,0.49999931268034103,30.488611891115227,30.206516944711595,3,4,28,28,0.03287175018340349,0.03570991614833474
Model A,0.88,0.6,2.0,path-size,0.0424230660957885,0.088305331205616,0.5404538871103145,0.37124078168406516,0.045882265109830886,0.5786360874552625,0.375481647434909,0.5,36.749346965071396,37.20603289106616,3,4,82,82,0.03928704094141722,0.04063758300617337
Model B,0.88,0.7,2.0,path-size,8.326672684688674e-17,0.2774429404322437,0.4016564073139991,0.32090065225375713,0.27744294043224377,0.401656407313999,0.32090065225375713,0.5000000000001202,31.37990068048088,31.952806793515414,3,4,27,25,0.030207082629203796,0.030694459099322557
Model A,0.88,0.7,2.0,path-size,0.042032082975338884,0.0910116199192863,0.5759133295637185,0.3330750505169959,0.04897953694394526,0.6106616648939973,0.34035879816205383,0.5,38.57633760626719,39.06035306246014,3,4,81,81,0.03882145928218961,0.039868750143796206
Model B,0.88,0.8,2.0,path-size,3.0531133177191805e-16,0.27744294043224393,0.401656407313999,0.3209006522537571,0.27744294043224366,0.40165640731399915,0.32090065225375725,0.5000000000001463,31.47224177833222,32.48048028135251,3,4,28,25,0.03192533366382122,0.030820374842733145
Model A,0.88,0.8,2.0,path-size,0.04163791357363472,0.09404392436173362,0.6061209499673453,0.29983512567092,0.05240601078810011,0.6378431505035332,0.30975083870836806,0.5,40.40808507656486,40.91932760829877,3,4,80,80,0.03827508306130767,0.03961974987760186
Model B,0.88,0.9,2.0,path-size,1.1102230246251565e-16,0.27744294043224377,0.40165640731399915,0.32090065225375713,0.2774429404322438,0.4016564073139991,0.32090065225375725,0.5000000000001494,32.28789004762122,32.04396271206015,3,4,28,26,0.03279975010082126,0.03241383284330368
Model A,0.88,0.9,2.0,path-size,0.04124310474298287,0.09737920532208558,0.6318581022233647,0.27076269245454876,0.056136100579104085,0.6609977725781049,0.28286612684279283,0.5,42.24373429332172,42.78164187586742,3,4,79,79,0.03822704125195742,0.03952354099601507
Model B,0.88,1.0,2.0,path-size,1.942890293094024e-16,0.2774429404322437,0.40165640731399915,0.320900652253757,0.2774429404322436,0.40165640731399926,0.3209006522537572,0.5000000000001134,33.0796062951603,33.462141635595046,3,4,26,27,0.030061875004321337,0.03468887461349368
Model A,0.88,1.0,2.0,path-size,0.04083854219584671,0.10097180633285865,0.653872915324086,0.24515527834305212,0.060133264137014045,0.6808377944842448,0.25902894137874216,0.5,44.082190244611326,44.64595309669842,3,4,78,78,0.03781904233619571,0.03901770897209644
Model B,0.92,0.0,0.0,none,0.020637150873087824,0.02433069641145897,0.14659090125553118,0.8290784023330099,0.04496784728454686,0.14295259211942116,0.8120795605960321,0.5000000000015623,24.102211623342647,24.017585535120062,3,4,18,17,0.0226904577575624,0.022911792155355215
Model A,0.92,0.0,0.0,none,0.02063724436932104,0.024330602869722058,0.1465913279080308,0.8290780692222459,0.0449678472390439,0.14295249179654618,0.8120796609644103,0.5,24.102211636252825,24.017585585105124,3,4,41,34,0.01938420906662941,0.016621750313788652
Model B,0.92,0.1,0.0,none,0.04817991242222058,0.06656752212035948,0.293465507035572,0.6399669708440685,0.11474743454258,0.2779740388261512,0.6072785266312687,0.5000000000229018,26.041764649253025,25.841758905795608,3,4,68,74,0.08483766671270132,0.09874912491068244
Model A,0.92,0.1,0.0,none,0.02986130116637732,0.037790904495821745,0.21738485278699957,0.7448242427171794,0.06765220566219883,0.210210156717562,0.7221376376202394,0.5,26.41684750185498,26.282439215674344,3,4,95,95,0.04596408409997821,0.046325667295604944
Model B,0.92,0.2,0.0,none,0.07367546888423483,0.12517143959737584,0.4596100741316319,0.4152184862709922,0.19884690848161068,0.42525729407497204,0.3758957974434173,0.5000000000001082,27.64101962569395,27.325643025793887,3,4,51,48,0.06314045796170831,0.06410483317449689
Model A,0.92,0.2,0.0,none,0.03845340486168517,0.052504958598991305,0.3012127227294908,0.6462823186715168,0.09095836346067701,0.28966766012156164,0.6193739764177613,0.5,28.63334843237577,28.447157244717417,3,4,93,94,0.044800333213061094,0.04557975009083748
Model B,0.92,0.3,0.0,none,0.08731425827201186,0.18700336993099548,0.4524572703776519,0.36053935969135265,0.2743176282030073,0.40341923106131744,0.3222631407356752,0.5000000000002451,28.870446437856756,27.89497997825316,3,4,33,37,0.039007332641631365,0.04689779132604599
Model A,0.92,0.3,0.0,none,0.045746018152297084,0.06784793406307164,0.39039395949912337,0.5417581064378032,0.11359395221536975,0.3745541073603025,0.511851940424328,0.5,30.77435550712338,30.535160908372184,3,4,90,91,0.042395958211272955,0.04394812462851405
Model B,0.92,0.4,0.0,none,0.021997645780850728,0.2554452946513931,0.41405391982803347,0.33050078552057355,0.2774429404322437,0.40165640731399915,0.320900652253757,0.500000000000134,29.817857201816736,29.22471612468882,3,4,38,28,0.04376129200682044,0.034060499630868435
Model A,0.92,0.4,0.0,none,0.051398204174432006,0.08384743884161093,0.4737756597650128,0.4423769013933788,0.1352456430160412,0.4545994378482212,0.41015491913573665,0.5,32.86843024240453,32.57344682408866,3,4,87,88,0.04091579094529152,0.04313962487503886
Model B,0.92,0.5,0.0,none,3.3306690738754696e-16,0.2774429404322437,0.40165640731399915,0.32090065225375725,0.277442940432244,0.401656407313999,0.320900652253757,0.5000000000001389,30.712190931160336,30.105373224873233,3,4,36,33,0.03970862505957484,0.04230616707354784
Model A,0.92,0.5,0.0,none,0.055299252770833786,0.10086635292593775,0.5433979846932061,0.3557356623808584,0.15616560569677224,0.5219411349152626,0.3218932593879688,0.5,34.935967590008204,34.58271247481875,3,4,85,85,0.04009558307006955,0.041411875281482935
Model B,0.92,0.6,0.0,none,8.326672684688674e-17,0.27744294043224377,0.40165640731399915,0.3209006522537571,0.2774429404322439,0.4016564073139991,0.3209006522537571,0.5000000000001151,31.57646665575801,31.25633526588549,3,4,32,27,0.03673033323138952,0.032974916975945234
Model A,0.92,0.6,0.0,none,0.057382121871218696,0.11891881810514675,0.5978773683680425,0.2832038135268066,0.1763009399763667,0.5747969830728147,0.248902076950817,0.5,36.983616476961586,36.572587285767796,3,4,83,83,0.03935183398425579,0.04040683386847377
Model B,0.92,0.7,0.0,none,1.0269562977782698e-15,0.2774429404322439,0.4016564073139991,0.3209006522537571,0.2774429404322428,0.40165640731400004,0.320900652253757,0.5000000000001381,32.40258726275067,32.74864149880007,3,4,30,25,0.035319500137120485,0.03191237477585673
Model A,0.92,0.7,0.0,none,0.05763285331458834,0.1375108487757854,0.6394459433673126,0.22304320785689952,0.19514370209037663,0.615116586660801,0.18973971124882566,0.5,39.010685703099824,38.545733228839595,3,4,82,82,0.038594333454966545,0.0403571673668921
Model B,0.92,0.8,0.0,none,1.1102230246251565e-16,0.27744294043224366,0.40165640731399915,0.3209006522537571,0.2774429404322437,0.4016564073139991,0.3209006522537572,0.5000000000000897,33.22147607291903,32.82403129601617,3,4,25,23,0.02861233288422227,0.028175291139632463
Model A,0.92,0.8,0.0,none,0.056218779644609404,0.15586538601947353,0.6709497117033356,0.17318490227718683,0.21208416566408422,0.6456506411013795,0.14226519323453485,0.5,41.01547284036356,40.50254078166451,3,4,82,82,0.039194833021610975,0.04062441689893603
Model B,0.92,0.9,0.0,none,2.7755575615628914e-16,0.2774429404322439,0.40165640731399915,0.32090065225375686,0.2774429404322437,0.40165640731399926,0.32090065225375713,0.5000000000000793,35.478317014282794,33.613766180621795,3,4,25,23,0.028850125148892403,0.029047207906842232
Model A,0.92,0.9,0.0,none,0.05351615460685508,0.17317673003059125,0.6947900287361943,0.13203324123321478,0.22669288463744475,0.6687756590129295,0.10453145634962298,0.5,42.99744537365751,42.44298263208486,3,4,82,82,0.03921774961054325,0.040722707752138376
Model B,0.92,1.0,0.0,none,2.498001805406602e-16,0.2774429404322437,0.40165640731399915,0.32090065225375713,0.27744294043224393,0.401656407313999,0.320900652253757,0.4999992488489815,34.8495385788888,35.52228486883695,3,4,28,18,0.033167749643325806,0.022303749807178974
Model A,0.92,1.0,0.0,none,0.05001314586517577,0.18879481285150684,0.712797743605193,0.0984074435432988,0.23880795871668187,0.6863030727924719,0.07488896849084334,0.5,44.95721500986683,44.36704681622524,3,4,82,83,0.062235333025455475,0.08698354195803404
Model B,0.92,0.0,0.5,path-size,0.01243214259014138,0.033150622341796485,0.16685202196336416,0.7999973556948393,0.04142902844002366,0.17100575845527838,0.787565213104698,0.49999875648842135,24.53144558055434,24.551504471020948,3,4,19,18,0.024720292072743177,0.024980041664093733
Model A,0.92,0.0,0.5,path-size,0.012432603308937754,0.033150617104203535,0.16685155680826266,0.7999978260875353,0.041429286568316584,0.17100549065308665,0.7875652227785969,0.5,24.53144580483024,24.55150400169004,3,4,41,39,0.0205531669780612,0.020011833868920803
Model B,0.92,0.1,0.5,path-size,0.02401223009858939,0.08154000228809133,0.3203938197368922,0.5980661779750166,0.10555223238668067,0.32007943917925197,0.5743683284340674,0.4999999999991173,26.403174301224055,26.347339778419204,3,4,67,76,0.0833506672643125,0.09898966597393155
Model A,0.92,0.1,0.5,path-size,0.01714472854298071,0.048564249662913464,0.24232109623296116,0.7091146541041258,0.06212301098679605,0.24590706345205912,0.6919699255611449,0.5,26.81068740393826,26.798216433352117,3,4,95,95,0.0465896250680089,0.04820312513038516
Model B,0.92,0.2,0.5,path-size,0.03710398533821378,0.14473116929433205,0.47602663226452824,0.37924219844113966,0.18183515463254582,0.45534554167403457,0.3628193036934195,0.5000003618151344,27.270226796187117,27.808559748869953,3,4,47,55,0.05616583302617073,0.07376608299091458
Model A,0.92,0.2,0.5,path-size,0.02039629233268122,0.06490039775349067,0.32893572242014446,0.6061638798263647,0.08320981027439983,0.33102260223191693,0.5857675874936839,0.5,28.995041995365362,28.94973709536672,3,4,93,93,0.04520833399146795,0.0462504168972373
Model B,0.92,0.3,0.5,path-size,0.04527781912576721,0.20913977752364268,0.4400667494407718,0.3507934730355855,0.25441759664940994,0.41463251790942646,0.33094988544116366,0.4999986936794949,28.580421098416338,28.927080504281477,3,4,37,39,0.043795458041131496,0.049337209202349186
Model A,0.92,0.3,0.5,path-size,0.022290978237655093,0.08159084591414634,0.41745105146413153,0.5009581026217205,0.10388182415180278,0.4172339756822553,0.47888420016594296,0.5,31.110283581824845,31.03273585469121,3,4,89,90,0.042217290960252285,0.04467979213222861
Model B,0.92,0.4,0.5,path-size,5.551115123125783e-17,0.2774429404322436,0.4016564073139991,0.32090065225375725,0.27744294043224366,0.4016564073139991,0.3209006522537572,0.5000000000001151,30.022281908039766,29.89931802273255,3,4,27,28,0.030895541422069073,0.035052250139415264
Model A,0.92,0.4,0.5,path-size,0.025436929436316175,0.09879589088037175,0.4969088552048618,0.4042952539147639,0.12423282031669061,0.4940897786607822,0.38167740102253,0.5,33.1842139903449,33.074086059667096,3,4,87,87,0.04197633406147361,0.04314204165711999
Model B,0.92,0.5,0.5,path-size,1.3877787807814457e-16,0.2774429404322439,0.401656407313999,0.32090065225375713,0.2774429404322438,0.40165640731399915,0.3209006522537571,0.5000000000001994,30.48731755788984,30.519022443102408,3,4,43,30,0.049645124934613705,0.03776324959471822
Model A,0.92,0.5,0.5,path-size,0.027679223646012475,0.11681636570895541,0.5614295247894876,0.32175410950155425,0.1444955893549698,0.5562197508398262,0.2992846598052051,0.5,35.233610639391415,35.09024211874886,3,4,85,85,0.041078582871705294,0.04256437486037612
Model B,0.92,0.6,0.5,path-size,0.0,0.2774429404322437,0.40165640731399915,0.32090065225375713,0.2774429404322437,0.40165640731399915,0.32090065225375713,0.5000011607585114,31.785290789789265,31.621874281228514,3,4,31,30,0.03527824999764562,0.036903500091284513
Model A,0.92,0.6,0.5,path-size,0.02891372045273581,0.13547099239225455,0.611201261709877,0.2533277458978719,0.164384712844987,0.603996168852221,0.23161911830278875,0.5,37.26290520533796,37.08681374950088,3,4,84,83,0.04067370807752013,0.04154129233211279
Model B,0.92,0.7,0.5,path-size,2.7755575615628914e-17,0.27744294043224377,0.40165640731399915,0.3209006522537571,0.2774429404322437,0.40165640731399915,0.3209006522537571,0.5000000000001366,32.60398478535936,32.427967863295194,3,4,26,25,0.029568334110081196,0.030682291835546494
Model A,0.92,0.7,0.5,path-size,0.0291023983696283,0.15411829703789212,0.6489051942322231,0.1969765087298802,0.1832206954075207,0.6400981177864479,0.17668118680602746,0.5,39.27139124751898,39.06472092507134,3,4,83,83,0.04049991583451629,0.04184554098173976
Model B,0.92,0.8,0.5,path-size,2.7755575615628914e-16,0.2774429404322437,0.4016564073139991,0.3209006522537571,0.27744294043224393,0.4016564073139989,0.3209006522537572,0.499999693272772,33.419475353094995,33.23042474665694,3,4,26,25,0.030141707975417376,0.032255582977086306
Model A,0.92,0.8,0.5,path-size,0.028350407008775544,0.17194958958736717,0.6773418914889192,0.15070851892370976,0.20029999659614597,0.6672833254499259,0.13241667795393083,0.5,41.25812093912373,41.02409507819306,3,4,82,83,0.04048079205676913,0.04229554207995534
Model B,0.92,0.9,0.5,path-size,8.326672684688674e-17,0.2774429404322438,0.401656407313999,0.32090065225375713,0.27744294043224393,0.401656407313999,0.3209006522537571,0.5000023265306951,34.231633301819,34.02915693374658,3,4,28,25,0.03264675009995699,0.03160954173654318
Model A,0.92,0.9,0.5,path-size,0.026892613565400188,0.1882414571797954,0.6987655000601461,0.11299304276006253,0.21513407074519458,0.6877585345029475,0.09710739475185994,0.5,43.223160427750145,42.96526908219201,3,4,83,83,0.04054995812475681,0.04201766708865762
Model B,0.92,1.0,0.5,path-size,8.326672684688674e-17,0.27744294043224377,0.40165640731399915,0.3209006522537571,0.2774429404322438,0.4016564073139991,0.32090065225375713,0.49999988835506,36.61012923573952,34.824091293587244,3,4,28,23,0.03300912491977215,0.027346499729901552
Model A,0.92,1.0,0.5,path-size,0.02501765147494682,0.2025021586609917,0.7148710174550101,0.08262682388399949,0.2275198101359396,0.7031713274276326,0.06930886243643135,0.5,45.16735471335764,44.888786558780055,3,4,83,84,0.040325541980564594,0.04224875010550022
Model B,0.92,0.0,1.0,path-size,0.014178621228766657,0.04367707760654039,0.18858417630131938,0.7677387460921403,0.03772898220366129,0.20276279753008603,0.7595082202662528,0.4999999999984293,24.948744363411706,25.076278194464592,3,4,17,18,0.021990874782204628,0.024208834394812584
Model A,0.92,0.0,1.0,path-size,0.014179557240426615,0.04367711397244231,0.18858231661790886,0.7677405694096481,0.03772906542975394,0.20276187385833558,0.7595090607119099,0.5,24.948745010743075,25.076278342417922,3,4,47,44,0.022836083080619574,0.022062084171921015
Model B,0.92,0.1,1.0,path-size,0.017485558235304864,0.09841931168026927,0.34699656241830656,0.5545841259014243,0.09621009782535127,0.36448212065361135,0.5393077815210373,0.5000000914695698,26.75176713110043,26.843893596033453,3,4,54,71,0.0655584167689085,0.09669800009578466
Model A,0.92,0.1,1.0,path-size,0.016705541500130684,0.061068602762566274,0.2682051560137545,0.670726241223678,0.0564393259330499,0.2849106975138861,0.6586499765530646,0.5,27.192023902725076,27.304700469275097,3,4,95,95,0.04699325002729893,0.048543000128120184
Model B,0.92,0.2,1.0,path-size,1.425467860707852e-05,0.16458038915981238,0.46497525704078646,0.37044435379940116,0.16459464383841943,0.464967310217755,0.3704380459438255,0.5000000000005755,28.21735681575568,28.271994549907063,3,4,41,76,0.05049695819616318,0.11450570775195956
Model A,0.92,0.2,1.0,path-size,0.01758043504113644,0.07895204370357108,0.35651524809300705,0.5645327082034208,0.07545041626606613,0.374095683134144,0.5504539005997898,0.5,29.344945022590352,29.4450450640757,3,4,93,92,0.044645083136856556,0.04576554195955396
Model B,0.92,0.3,1.0,path-size,0.0025371691354236087,0.23240421014429685,0.42701265616280376,0.3405831336928992,0.23494137927972056,0.42558712096716117,0.3394714997531183,0.5000001758720237,29.317877735677378,29.343351950465312,3,4,42,55,0.054980333894491196,0.07185920793563128
Model A,0.92,0.3,1.0,path-size,0.016320559142697783,0.09688171181699481,0.4430748738352273,0.46004341434777885,0.09444215002012726,0.4593954329779235,0.44616241700194703,0.5,31.435473083012717,31.52666004476835,3,4,89,89,0.04287433298304677,0.04472437500953674
Model B,0.92,0.4,1.0,path-size,8.326672684688674e-17,0.27744294043224377,0.40165640731399915,0.320900652253757,0.2774429404322437,0.40165640731399915,0.32090065225375713,0.5000000000002129,30.26315722347799,30.268835473617457,3,4,36,29,0.04363970784470439,0.03609033394604921
Model A,0.92,0.4,1.0,path-size,0.013748755543633029,0.11512391733462388,0.5179174910996382,0.3669585915657417,0.11373948720169372,0.5316662466432684,0.354594266155036,0.5,33.48954746679877,33.57409189043402,3,4,87,86,0.0420073326677084,0.04316854104399681
Model B,0.92,0.5,1.0,path-size,8.326672684688674e-17,0.2774429404322437,0.4016564073139991,0.3209006522537572,0.2774429404322438,0.4016564073139991,0.32090065225375713,0.5000000000001001,31.14431114364637,30.915184962424732,3,4,40,31,0.13639899995177984,0.040284874849021435
Model A,0.92,0.5,1.0,path-size,0.01103228800263402,0.13386045664608606,0.5773048777705604,0.2888346655833509,0.13343343666853974,0.5883371657731942,0.278229397558263,0.5,35.5205347177977,35.59868039815362,3,4,85,85,0.04096475010737777,0.04235999984666705
Model B,0.92,0.6,1.0,path-size,1.1102230246251565e-16,0.2774429404322439,0.4016564073139991,0.3209006522537571,0.2774429404322437,0.40165640731399915,0.3209006522537571,0.5000000000001913,31.986481102937724,31.991311166713288,3,4,33,33,0.039299958385527134,0.04142049979418516
Model A,0.92,0.6,1.0,path-size,0.00902690084061089,0.15272567916239355,0.6226016038439796,0.2246727169936257,0.15304464324767042,0.6313095405993163,0.21564581615301756,0.5,37.53143235427709,37.60267945862972,3,4,84,84,0.041135167237371206,0.042209249921143055
Model B,0.92,0.7,1.0,path-size,1.1657341758564144e-15,0.27744294043224366,0.4016564073139991,0.32090065225375725,0.2774429404322438,0.40165640731399793,0.32090065225375825,0.5000000000002891,32.801768076982555,32.805518872968165,3,4,27,27,0.031291541177779436,0.03532508295029402
Model A,0.92,0.7,1.0,path-size,0.007649247718308355,0.1709920586153658,0.6567143063944135,0.17229363499022107,0.17178958192855198,0.6635660307995377,0.16464438727191472,0.5,39.5218047576723,39.5858506829797,3,4,83,83,0.0406810836866498,0.042080499697476625
Model B,0.92,0.8,1.0,path-size,1.3877787807814457e-16,0.27744294043224393,0.4016564073139991,0.32090065225375697,0.2774429404322438,0.40165640731399915,0.3209006522537571,0.49999935057568323,34.93445220739811,34.96006626968183,3,4,26,26,0.03007904114201665,0.03227275004610419
Model A,0.92,0.8,1.0,path-size,0.006412200302772529,0.18789617871761638,0.6823362657715861,0.12976755551080082,0.18891246864287267,0.6877321761491016,0.12335535520802758,0.5,41.49132120253003,41.54827133143546,3,4,83,83,0.04093062458559871,0.042132374830543995
Model B,0.92,0.9,1.0,path-size,3.608224830031759e-16,0.27744294043224366,0.4016564073139991,0.32090065225375725,0.27744294043224393,0.4016564073139987,0.3209006522537573,0.5000000000000916,34.42220088268644,34.423675467796244,3,4,25,25,0.029271417297422886,0.03319408278912306
Model A,0.92,0.9,1.0,path-size,0.0052829654755453676,0.20285952577535782,0.7015647412174753,0.0955757330071639,0.20388608090838978,0.7058211515599908,0.09029276753162069,0.5,43.44039926451394,43.49066213919828,3,4,83,83,0.04101199982687831,0.042478709015995264
Model B,0.92,1.0,1.0,path-size,4.163336342344337e-16,0.27744294043224393,0.401656407313999,0.3209006522537571,0.2774429404322435,0.4016564073139991,0.32090065225375736,0.5000000000000895,35.22711729448754,35.22740201539624,3,4,25,21,0.028067624662071466,0.02513391710817814
Model A,0.92,1.0,1.0,path-size,0.0042607129950098035,0.21557670363592826,0.7159603952367266,0.068462901127346,0.21647403076895883,0.7193237810987052,0.06420218813233555,0.5,45.36995518556074,45.41410415590697,3,4,84,84,0.04141833307221532,0.04206958319991827
Model B,0.92,0.0,1.5,path-size,0.026649369828061945,0.05609925799526583,0.2115943184149637,0.7323064235897705,0.03388567993607522,0.23824368824302566,0.7278706318208992,0.49999967420704433,25.35338652470397,25.591322987083352,3,4,19,19,0.024213082622736692,0.02536275004968047
Model A,0.92,0.0,1.5,path-size,0.02664884887833223,0.05609940605167757,0.21159463017492602,0.732305963773398,0.03388573818423804,0.2382434790532577,0.7278707827625047,0.5,25.353386109202376,25.591322915397612,3,4,40,37,0.01956454198807478,0.01879895804449916
Model B,0.92,0.1,1.5,path-size,0.037498977387835905,0.1172228903428278,0.3727286113700093,0.5100484982871629,0.08688320128174325,0.41022758875784515,0.5028892099604115,0.5000015204891591,27.087584689986265,27.33206954095683,3,4,69,71,0.08496024971827865,0.09340737480670214
Model A,0.92,0.1,1.5,path-size,0.032089501252934485,0.07541831651324621,0.2946385315257635,0.6299431519609888,0.05066874598766521,0.3267280327786982,0.6226032212336355,0.5,27.560592090892158,27.802026261004677,3,4,96,95,0.04703149991109967,0.04831025004386902
Model B,0.92,0.2,1.5,path-size,0.03759008500530278,0.18596140473750922,0.45303971814353866,0.36099887711895223,0.1483713197322064,0.4740021048645679,0.37762657540322575,0.5000000000006699,28.049441511240914,28.7195204813451,3,4,41,48,0.04793883301317692,0.062316374853253365
Model A,0.92,0.2,1.5,path-size,0.03449517203195834,0.09471003393225655,0.38340156333668957,0.5218884027310537,0.06780981392456262,0.417896735368647,0.5142934507067884,0.5,29.683082342161043,29.93408890708075,3,4,92,91,0.04459058307111263,0.045596541836857796
Model B,0.92,0.3,1.5,path-size,0.04049009795651502,0.25653941187320745,0.4134378675240173,0.3300227206027753,0.21604931391669238,0.4361930093325883,0.3477576767507193,0.5000003915102899,29.33535565011367,29.7482991307916,3,4,40,73,0.04590941686183214,0.10780308302491903
Model A,0.92,0.3,1.5,path-size,0.03336555866114919,0.11370358055846883,0.4668532851807772,0.4194431342607524,0.08540302832017828,0.5002188438419275,0.4143781278378949,0.5,31.74989768652687,32.01797688106532,3,4,89,88,0.042708542197942734,0.0433507920242846
Model B,0.92,0.4,1.5,path-size,1.2850831510036187e-14,0.2774429404322418,0.40165640731398833,0.3209006522537698,0.2774429404322439,0.4016564073139991,0.3209006522537569,0.4999992394320528,30.47617973371333,30.181537287329213,3,4,32,39,0.037398749962449074,0.049871041905134916
Model A,0.92,0.4,1.5,path-size,0.03040428009635906,0.13272242358128783,0.5366549995721019,0.330622576846613,0.10382639141369294,0.5670592796684578,0.32911432891784564,0.5,33.78434073480035,34.07379918870487,3,4,87,86,0.04249304113909602,0.04341504070907831
Model B,0.92,0.5,1.5,path-size,1.6653345369377348e-16,0.27744294043224377,0.401656407313999,0.32090065225375713,0.27744294043224366,0.40165640731399915,0.3209006522537571,0.5000000000001623,31.3529178501366,31.503626923453915,3,4,41,31,0.04907008307054639,0.03757920814678073
Model A,0.92,0.5,1.5,path-size,0.028807308737779445,0.15179654255608271,0.5910235067122561,0.25717995073166044,0.1229892338183038,0.6183400248090514,0.2586707413726452,0.5,35.79687345633306,36.10780309224597,3,4,85,85,0.040983166079968214,0.04281720798462629
Model B,0.92,0.6,1.5,path-size,8.326672684688674e-17,0.27744294043224393,0.4016564073139991,0.3209006522537571,0.2774429404322438,0.40165640731399915,0.3209006522537571,0.5000010755184366,32.30015599384663,33.42095973783074,3,4,30,32,0.03494841605424881,0.04132466670125723
Model A,0.92,0.6,1.5,path-size,0.028143813192657047,0.17042058846079708,0.6321289579777901,0.19745045356141047,0.14227677526813923,0.6568644091823976,0.2008588155494592,0.5,37.7896735600698,38.11970446416966,3,4,84,84,0.04086262499913573,0.04243149980902672
Model B,0.92,0.7,1.5,path-size,2.7755575615628914e-16,0.2774429404322437,0.401656407313999,0.3209006522537573,0.27744294043224377,0.40165640731399926,0.3209006522537571,0.5000000000001011,32.995782633115965,33.164479717873576,3,4,28,24,0.030988291837275028,0.029415790922939777
Model A,0.92,0.7,1.5,path-size,0.027010793093965993,0.18786203294053813,0.6629423642089038,0.1491956028505596,0.16085123984657096,0.6856380203466885,0.15351073980673974,0.5,39.76265265220428,40.10854531060622,3,4,84,83,0.04153062496334314,0.042824875097721815
Model B,0.92,0.8,1.5,path-size,8.326672684688674e-17,0.2774429404322439,0.40165640731399915,0.32090065225375697,0.2774429404322439,0.4016564073139991,0.3209006522537571,0.4999997491544502,34.34214635376543,33.98303800502107,3,4,25,23,0.029285000171512365,0.029740000143647194
Model A,0.92,0.8,1.5,path-size,0.025546522500081992,0.20347838702268456,0.6860094852638443,0.11051212771347407,0.1779318645226003,0.7070853888203728,0.11498274665702535,0.5,41.71588667425526,42.0744642832192,3,4,84,84,0.042061292100697756,0.043392499908804893
Model B,0.92,0.9,1.5,path-size,8.326672684688674e-17,0.2774429404322437,0.40165640731399915,0.3209006522537571,0.27744294043224377,0.4016564073139991,0.32090065225375713,0.5000000000000903,34.60874092461374,34.79838712600082,3,4,25,20,0.029620000161230564,0.02544762520119548
Model A,0.92,0.9,1.5,path-size,0.02391103972863634,0.21687805303452792,0.7032658467021273,0.07985610026334136,0.1929670133058913,0.7230239707997737,0.0840090158943311,0.5,43.64994150483078,44.01856162017026,3,4,84,84,0.042904708068817854,0.04433291591703892
Model B,0.92,1.0,1.5,path-size,5.551115123125783e-17,0.27744294043224377,0.40165640731399915,0.3209006522537571,0.2774429404322438,0.4016564073139991,0.3209006522537571,0.49999862265936146,35.40975937079824,36.28297391223431,3,4,36,21,0.048167457804083824,0.027637749910354614
Model A,0.92,1.0,1.5,path-size,0.022250371378640225,0.227943822995844,0.7161417616464366,0.05591441535771906,0.2056934516172046,0.7347993870055988,0.059507161377197935,0.5,45.56573103158709,45.942420117809576,3,4,85,85,0.0432235412299633,0.0446453751064837
Model B,0.92,0.0,2.0,path-size,0.041669767999598886,0.07058569700263914,0.23561019811738976,0.6938041048799712,0.02992949285801394,0.2772799661169886,0.6927905410249975,0.49999812326163684,25.74478175973107,26.09621668554839,3,4,18,16,0.023181458935141563,0.02148666698485613
Model A,0.92,0.0,2.0,path-size,0.041669858170510166,0.07058576446955904,0.2356099753610835,0.693804260169357,0.029929433221785103,0.27727983353159474,0.6927907332466219,0.5,25.74478168631567,26.09621684883441,3,4,37,36,0.01842954196035862,0.01872000005096197
Model B,0.92,0.1,2.0,path-size,0.0601536467291352,0.13788099964529474,0.3969828292530374,0.4651361711016679,0.07772735291615954,0.45619647406041264,0.46607617302342785,0.5000000000279278,27.410847123800835,27.812854924701632,3,4,70,69,0.09039866691455245,0.0911162500269711
Model A,0.92,0.1,2.0,path-size,0.04946181348310148,0.09169358326864918,0.3211355335442367,0.5871708831871152,0.04489554677085664,0.3705973470273366,0.5845071062018047,0.5,27.916272738532882,28.290689785880716,3,4,96,94,0.04700937494635582,0.04835708299651742
Model B,0.92,0.2,2.0,path-size,0.0755782514750232,0.20875818921529898,0.440280597686023,0.350961213098678,0.13317993774027576,0.4824443037937921,0.3843757584659321,0.5000000000010565,28.731005948713225,29.15079443327344,3,4,42,68,0.05123058380559087,0.09556958405300975
Model A,0.92,0.2,2.0,path-size,0.05235301347667767,0.11218022769271332,0.4090493714711167,0.478770400836172,0.06041117353297506,0.461402384947793,0.47818644151923123,0.5,30.009556982832052,30.41805294345376,3,4,92,90,0.044984583742916584,0.0453340420499444
Model B,0.92,0.3,2.0,path-size,0.07956659314080189,0.2774429404322431,0.4016564073140021,0.32090065225375486,0.1978763472914412,0.4463751685369946,0.35574848417156424,0.4999973892589117,29.701322843134086,30.1418925040375,3,4,40,42,0.14793579187244177,0.05274000018835068
Model A,0.92,0.3,2.0,path-size,0.055128365859955744,0.13197688026586474,0.4884673292136578,0.37955579052047983,0.07684851440590637,0.5391306592852496,0.38402082630884116,0.5,32.053596712844936,32.50749012003733,3,4,89,88,0.04312712512910366,0.043277458287775517
Model B,0.92,0.4,2.0,path-size,0.008596471228470237,0.2774429404322437,0.4016564073139991,0.32090065225375713,0.2688464692037735,0.40650408671752347,0.324649444078703,0.5000000000001996,30.69321217542693,31.476499997718022,3,4,32,39,0.036432832945138216,0.05054545868188143
Model A,0.92,0.4,2.0,path-size,0.056898041802121324,0.15141010025883223,0.5530466988275877,0.29554320091358033,0.09451205845670885,0.6001879745740724,0.30529996696921496,0.5,34.068687231962215,34.573301651341396,3,4,87,86,0.04216383304446936,0.04251354094594717
Model B,0.92,0.5,2.0,path-size,5.551115123125783e-17,0.2774429404322437,0.4016564073139991,0.32090065225375713,0.2774429404322438,0.4016564073139991,0.32090065225375713,0.500000000000226,31.556643328876838,31.83772121590298,3,4,35,32,0.040246082935482264,0.03980629192665219
Model A,0.92,0.5,2.0,path-size,0.05721416906975602,0.17036283780445044,0.6026224409400742,0.22701472125547864,0.11314866873469136,0.6463412705427292,0.24051006072257666,0.5,36.06300624402448,36.617303282499236,3,4,85,85,0.040919958148151636,0.04299770900979638
Model B,0.92,0.6,2.0,path-size,5.551115123125783e-17,0.27744294043224377,0.40165640731399915,0.320900652253757,0.2774429404322438,0.40165640731399915,0.3209006522537571,0.4999997088522922,33.34807093279309,33.995500380570476,3,4,28,30,0.03210591711103916,0.038156707771122456
Model A,0.92,0.6,2.0,path-size,0.0562026424649265,0.18826564516114955,0.6398581842092839,0.17187617062956412,0.13206300269622573,0.6807994968451316,0.18713750045864552,0.5,38.03830046581892,38.63741900061767,3,4,84,84,0.04079404193907976,0.04288995824754238
Model B,0.92,0.7,2.0,path-size,1.6653345369377348e-16,0.2774429404322437,0.4016564073139991,0.3209006522537573,0.2774429404322438,0.40165640731399915,0.32090065225375713,0.5000000000001323,33.185885063833766,33.7033850308589,3,4,26,23,0.030495333019644022,0.029028250370174646
Model A,0.92,0.7,2.0,path-size,0.05407260306779295,0.20446874918491123,0.6676762710625169,0.12785497975256815,0.15039614611712154,0.7064283675658374,0.1431754863170439,0.5,39.99475090964313,40.63226960384908,3,4,84,84,0.041341499891132116,0.04291887488216162
Model B,0.92,0.8,2.0,path-size,1.6653345369377348e-16,0.2774429404322439,0.40165640731399915,0.320900652253757,0.2774429404322438,0.401656407313999,0.32090065225375713,0.50000000000008,35.32954451439326,34.677467166008554,3,4,25,23,0.029823541175574064,0.02906995778903365
Model A,0.92,0.8,2.0,path-size,0.051148971395315934,0.21850852926738207,0.6884498921754768,0.09304157855714282,0.16735955787206452,0.7254261081873434,0.10721433394059052,0.5,41.932629018303416,42.60211229028005,3,4,84,84,0.04146916605532169,0.04221504181623459
Model B,0.92,0.9,2.0,path-size,4.718447854656915e-16,0.2774429404322438,0.40165640731399915,0.320900652253757,0.2774429404322443,0.40165640731399915,0.3209006522537566,0.5000000000000945,35.59777642158693,35.62755970633772,3,4,25,20,0.029023125302046537,0.026207916904240847
Model A,0.92,0.9,2.0,path-size,0.047806310383147796,0.23019345432688412,0.7039534050703968,0.06585314060272177,0.18238714394373406,0.7394237794431041,0.07818907661316002,0.5,43.852530370683056,44.548400075791776,3,4,85,84,0.04184916615486145,0.04292287491261959
Model B,0.92,1.0,2.0,path-size,3.885780586188048e-16,0.27744294043224377,0.4016564073139991,0.3209006522537572,0.2774429404322436,0.4016564073139988,0.3209006522537575,0.5000000000000947,35.58816503382934,35.97438016953777,3,4,27,21,0.03099050000309944,0.024933542124927044
Model A,0.92,1.0,2.0,path-size,0.04437904857781802,0.2395731870748894,0.7154940558092313,0.04493275711588033,0.1951941384970728,0.7496349588509602,0.055170902651970874,0.5,45.75537169473593,46.473173572557016,3,4,85,85,0.04159462498500943,0.04365191701799631
Model B,0.96,0.0,0.0,none,0.020637282539118666,0.02433057658239849,0.14659147552431492,0.8290779478932866,0.04496785912151715,0.14295247613299897,0.8120796647454839,0.5000000389858861,24.102211625540676,24.01758556594782,3,4,12,16,0.023693791590631008,0.04577287519350648
Model A,0.96,0.0,0.0,none,0.020637282539118666,0.02433057658239849,0.14659147552431492,0.8290779478932866,0.04496785912151715,0.14295247613299897,0.8120796647454839,0.5000000389858861,24.102211625540676,24.01758556594782,3,4,12,16,0.023693791590631008,0.04577287519350648
Model B,0.96,0.1,0.0,none,0.03764371087672613,0.05093572468527796,0.21679899503232844,0.7322652802823936,0.08857943556200415,0.20766303171231817,0.7037575327256778,0.5000000758622296,26.862661528858737,26.682429457587958,3,4,11,18,0.02243741601705551,0.04409145936369896
Model A,0.96,0.1,0.0,none,0.03764371087672613,0.05093572468527796,0.21679899503232844,0.7322652802823936,0.08857943556200415,0.20766303171231817,0.7037575327256778,0.5000000758622296,26.862661528858737,26.682429457587958,3,4,11,18,0.02243741601705551,0.04409145936369896
Model B,0.96,0.2,0.0,none,0.05417102540977021,0.08675325628475032,0.29751415293682776,0.6157325907784219,0.14092428169452054,0.2803677236936951,0.5787079946117843,0.5,29.451148660093452,29.166187662850085,3,4,14,14,0.02167270891368389,0.04334637522697449
Model A,0.96,0.2,0.0,none,0.05417102540977021,0.08675325628475032,0.29751415293682776,0.6157325907784219,0.14092428169452054,0.2803677236936951,0.5787079946117843,0.5,29.451148660093452,29.166187662850085,3,4,14,14,0.02167270891368389,0.04334637522697449
Model B,0.96,0.3,0.0,none,0.06666158827779614,0.1290899748817422,0.37839953455970254,0.4925104905585552,0.19575156315953837,0.3526079136909125,0.45164052314954917,0.4999999999999997,31.88643823425764,31.511883943274583,3,4,13,14,0.021956291049718857,0.046815874986350536
Model A,0.96,0.3,0.0,none,0.06666158827779614,0.1290899748817422,0.37839953455970254,0.4925104905585552,0.19575156315953837,0.3526079136909125,0.45164052314954917,0.4999999999999997,31.88643823425764,31.511883943274583,3,4,13,14,0.021956291049718857,0.046815874986350536
Model B,0.96,0.4,0.0,none,0.07255007955785313,0.17440945304190927,0.44810648689310195,0.3774840600649888,0.2469595325997624,0.4158382199158269,0.3372022474844107,0.4999999999999984,34.209379614018914,33.774326689064026,3,4,13,12,0.022979749832302332,0.0480146249756217
Model A,0.96,0.4,0.0,none,0.07255007955785313,0.17440945304190927,0.44810648689310195,0.3774840600649888,0.2469595325997624,0.4158382199158269,0.3372022474844107,0.4999999999999984,34.209379614018914,33.774326689064026,3,4,13,12,0.022979749832302332,0.0480146249756217
Model B,0.96,0.5,0.0,none,0.07151356988542484,0.21908502133418425,0.501466478727419,0.2794484999383967,0.29059859121960907,0.466134255553283,0.24326715322710787,0.5000000099297414,36.46026100448664,35.99571565488439,3,4,14,18,0.022930999752134085,0.04674741718918085
Model A,0.96,0.5,0.0,none,0.07151356988542484,0.21908502133418425,0.501466478727419,0.2794484999383967,0.29059859121960907,0.466134255553283,0.24326715322710787,0.5000000099297414,36.46026100448664,35.99571565488439,3,4,14,18,0.022930999752134085,0.04674741718918085
Model B,0.96,0.6,0.0,none,0.06582231544322037,0.2596955012366585,0.5397779440307828,0.2005265547325586,0.3255178166798789,0.504009224807989,0.170472958512132,0.5,38.668687168288855,38.19636564006643,3,4,12,12,0.024045749567449093,0.04711120808497071
Model A,0.96,0.6,0.0,none,0.06582231544322037,0.2596955012366585,0.5397779440307828,0.2005265547325586,0.3255178166798789,0.504009224807989,0.170472958512132,0.5,38.668687168288855,38.19636564006643,3,4,12,12,0.024045749567449093,0.04711120808497071
Model B,0.96,0.7,0.0,none,0.05843913096104551,0.29404816998575056,0.5665251727495153,0.13942665726473416,0.352487300946796,0.5316035448641135,0.11590915418909031,0.5000002860138965,40.8517373523361,40.38073478530474,3,4,12,15,0.02321179211139679,0.044729082845151424
Model A,0.96,0.7,0.0,none,0.05843913096104551,0.29404816998575056,0.5665251727495153,0.13942665726473416,0.352487300946796,0.5316035448641135,0.11590915418909031,0.5000002860138965,40.8517373523361,40.38073478530474,3,4,12,15,0.02321179211139679,0.044729082845151424
Model B,0.96,0.8,0.0,none,0.05130134049993589,0.3216565343464637,0.5847972489660453,0.0935462166874909,0.3729578748463996,0.5510977229429755,0.07594440221062482,0.500000501205288,43.015494197341866,42.54675948705865,3,4,14,15,0.02348749991506338,0.04427645914256573
Model A,0.96,0.8,0.0,none,0.05130134049993589,0.3216565343464637,0.5847972489660453,0.0935462166874909,0.3729578748463996,0.5510977229429755,0.07594440221062482,0.500000501205288,43.015494197341866,42.54675948705865,3,4,14,15,0.02348749991506338,0.04427645914256573
Model B,0.96,0.9,0.0,none,0.045183044441872655,0.34319262749562773,0.5968123147445501,0.05999505775982217,0.3883756719375004,0.5643337369721195,0.047290591090380085,0.4999994647478632,45.15991894046189,44.691693344871155,3,4,16,16,0.021787959150969982,0.044933916069567204
Model A,0.96,0.9,0.0,none,0.045183044441872655,0.34319262749562773,0.5968123147445501,0.05999505775982217,0.3883756719375004,0.5643337369721195,0.047290591090380085,0.4999994647478632,45.15991894046189,44.691693344871155,3,4,16,16,0.021787959150969982,0.044933916069567204
Model B,0.96,1.0,0.0,none,0.04021102070296319,0.35975809602772085,0.6041605786797288,0.0360813252925503,0.39996911673068397,0.5728264753421095,0.02720440792720637,0.4999997436968257,47.28370625451984,46.81454012533436,3,4,13,14,0.023178874980658293,0.04719987465068698
Model A,0.96,1.0,0.0,none,0.04021102070296319,0.35975809602772085,0.6041605786797288,0.0360813252925503,0.39996911673068397,0.5728264753421095,0.02720440792720637,0.4999997436968257,47.28370625451984,46.81454012533436,3,4,13,14,0.023178874980658293,0.04719987465068698
Model B,0.96,0.0,0.5,path-size,0.01243304126962868,0.033150575247317564,0.16685136001741704,0.7999980647352654,0.04142931726455313,0.1710056592698101,0.7875650234656366,0.500000805184698,24.531445994133747,24.551503858994273,3,4,12,17,0.02361333416774869,0.04750895779579878
Model A,0.96,0.0,0.5,path-size,0.01243304126962868,0.033150575247317564,0.16685136001741704,0.7999980647352654,0.04142931726455313,0.1710056592698101,0.7875650234656366,0.500000805184698,24.531445994133747,24.551503858994273,3,4,12,17,0.02361333416774869,0.04750895779579878
Model B,0.96,0.1,0.5,path-size,0.020566976429082298,0.06395214144088002,0.24116731319894016,0.6948805453601797,0.08231559818681197,0.24337083288209058,0.6743135689310975,0.5000000000000001,27.24318944515894,27.204232190874635,3,4,15,13,0.024013792164623737,0.045443542301654816
Model A,0.96,0.1,0.5,path-size,0.020566976429082298,0.06395214144088002,0.24116731319894016,0.6948805453601797,0.08231559818681197,0.24337083288209058,0.6743135689310975,0.5000000000000001,27.24318944515894,27.204232190874635,3,4,15,13,0.024013792164623737,0.045443542301654816
Model B,0.96,0.2,0.5,path-size,0.027783190371360122,0.10358163816346266,0.3231260098776743,0.5732923519588631,0.13136482853482273,0.3213840943390961,0.5472510771260811,0.4999999999999999,29.782819041921954,29.680145452270494,3,4,14,13,0.024353041779249907,0.048163916915655136
Model A,0.96,0.2,0.5,path-size,0.027783190371360122,0.10358163816346266,0.3231260098776743,0.5732923519588631,0.13136482853482273,0.3213840943390961,0.5472510771260811,0.4999999999999999,29.782819041921954,29.680145452270494,3,4,14,13,0.024353041779249907,0.048163916915655136
Model B,0.96,0.3,0.5,path-size,0.034633825235406646,0.14859903512142364,0.4012689365767511,0.4501320283018252,0.18323286035683028,0.3945490440003163,0.42221809564285334,0.5,32.17835066609854,32.021374216268796,3,4,14,11,0.023241708986461163,0.04932979214936495
Model A,0.96,0.3,0.5,path-size,0.034633825235406646,0.14859903512142364,0.4012689365767511,0.4501320283018252,0.18323286035683028,0.3945490440003163,0.42221809564285334,0.5,32.17835066609854,32.021374216268796,3,4,14,11,0.023241708986461163,0.04932979214936495
Model B,0.96,0.4,0.5,path-size,0.03771018423173819,0.19508445802130064,0.46566259864270226,0.3392529433359971,0.2327946422530388,0.4546565078645525,0.31254884988240866,0.4999999999999999,34.47358337682563,34.27924953279759,3,4,11,13,0.02458104118704796,0.04890100006014109
Model A,0.96,0.4,0.5,path-size,0.03771018423173819,0.19508445802130064,0.46566259864270226,0.3392529433359971,0.2327946422530388,0.4546565078645525,0.31254884988240866,0.4999999999999999,34.47358337682563,34.27924953279759,3,4,11,13,0.02458104118704796,0.04890100006014109
Model B,0.96,0.5,0.5,path-size,0.03700638761026849,0.23919615629842766,0.5136017251360689,0.24720211856550342,0.27620254390869614,0.49994857887523453,0.22384887721606933,0.4999999999999998,36.707216970746344,36.49311159568383,3,4,10,14,0.023677334189414978,0.04823654191568494
Model A,0.96,0.5,0.5,path-size,0.03700638761026849,0.23919615629842766,0.5136017251360689,0.24720211856550342,0.27620254390869614,0.49994857887523453,0.22384887721606933,0.4999999999999998,36.707216970746344,36.49311159568383,3,4,10,14,0.023677334189414978,0.04823654191568494
Model B,0.96,0.6,0.5,path-size,0.03387170326622342,0.27782011474399304,0.547569343825376,0.17461054143063098,0.3116918180102164,0.5326958028182351,0.15561237917154838,0.5,38.90534749298698,38.68339094843526,3,4,15,14,0.023553541861474514,0.04729833314195275
Model A,0.96,0.6,0.5,path-size,0.03387170326622342,0.27782011474399304,0.547569343825376,0.17461054143063098,0.3116918180102164,0.5326958028182351,0.15561237917154838,0.5,38.90534749298698,38.68339094843526,3,4,15,14,0.023553541861474514,0.04729833314195275
Model B,0.96,0.7,0.5,path-size,0.029926301717833295,0.30953206164659297,0.5710795762965211,0.11938836205688597,0.33945836336442625,0.5557940649581241,0.10474757167744961,0.5000002006773355,41.080827470771254,40.85588533730001,3,4,13,19,0.02386908419430256,0.0478023337200284
Model A,0.96,0.7,0.5,path-size,0.029926301717833295,0.30953206164659297,0.5710795762965211,0.11938836205688597,0.33945836336442625,0.5557940649581241,0.10474757167744961,0.5000002006773355,41.080827470771254,40.85588533730001,3,4,13,19,0.02386908419430256,0.0478023337200284
Model B,0.96,0.8,0.5,path-size,0.026167834137075865,0.33451988261273297,0.5869288221071262,0.07855129528014086,0.36068771674980893,0.571588118399148,0.06772416485104323,0.4999995700295105,43.23688014223032,43.009645172065134,3,4,11,16,0.022157541941851377,0.044249667320400476
Model A,0.96,0.8,0.5,path-size,0.026167834137075865,0.33451988261273297,0.5869288221071262,0.07855129528014086,0.36068771674980893,0.571588118399148,0.06772416485104323,0.4999995700295105,43.23688014223032,43.009645172065134,3,4,11,16,0.022157541941851377,0.044249667320400476
Model B,0.96,0.9,0.5,path-size,0.022973536240329592,0.3537874091786923,0.5971037226872716,0.0491088681340361,0.3767609454190218,0.5818649964012154,0.04137405817976268,0.4999999999999998,45.37273536307495,45.14272248662026,3,4,13,11,0.025840708054602146,0.04407366691157222
Model A,0.96,0.9,0.5,path-size,0.022973536240329592,0.3537874091786923,0.5971037226872716,0.0491088681340361,0.3767609454190218,0.5818649964012154,0.04137405817976268,0.4999999999999998,45.37273536307495,45.14272248662026,3,4,13,11,0.025840708054602146,0.04407366691157222
Model B,0.96,1.0,0.5,path-size,0.020392174144927784,0.3685274391632325,0.6030654357043698,0.028407125132397744,0.3889196133081603,0.5880279386846781,0.02305244800716166,0.5000000000000001,47.48767875588962,47.25471475580078,3,4,14,11,0.0234417081810534,0.04502733424305916
Model A,0.96,1.0,0.5,path-size,0.020392174144927784,0.3685274391632325,0.6030654357043698,0.028407125132397744,0.3889196133081603,0.5880279386846781,0.02305244800716166,0.5000000000000001,47.48767875588962,47.25471475580078,3,4,14,11,0.0234417081810534,0.04502733424305916
Model B,0.96,0.0,1.0,path-size,0.014179488552539095,0.04367709283738795,0.18858222521052856,0.7677406819520833,0.03772908905927502,0.20276171376306767,0.7595091971776572,0.49999999999999795,24.948745094224016,25.076278347174977,3,4,14,13,0.02253404213115573,0.04819062491878867
Model A,0.96,0.0,1.0,path-size,0.014179488552539095,0.04367709283738795,0.18858222521052856,0.7677406819520833,0.03772908905927502,0.20276171376306767,0.7595091971776572,0.49999999999999795,24.948745094224016,25.076278347174977,3,4,14,13,0.02253404213115573,0.04819062491878867
Model B,0.96,0.1,1.0,path-size,0.016185571536085255,0.07885079382061366,0.26624885981111807,0.6549003463682681,0.07580721287720835,0.2824344313472034,0.6417583557755883,0.5,27.61015185171398,27.71701705861227,3,4,13,13,0.024334167130291462,0.047307000029832125
Model A,0.96,0.1,1.0,path-size,0.016185571536085255,0.07885079382061366,0.26624885981111807,0.6549003463682681,0.07580721287720835,0.2824344313472034,0.6417583557755883,0.5,27.61015185171398,27.71701705861227,3,4,13,13,0.024334167130291462,0.047307000029832125
Model B,0.96,0.2,1.0,path-size,0.016106336163021213,0.12209955590361206,0.3481163943813263,0.5297840497150615,0.12159607951479029,0.36422273054434756,0.5141811899408621,0.4999999999999997,30.102291381557023,30.187615353410415,3,4,14,15,0.025709458626806736,0.051536000333726406
Model A,0.96,0.2,1.0,path-size,0.016106336163021213,0.12209955590361206,0.3481163943813263,0.5297840497150615,0.12159607951479029,0.36422273054434756,0.5141811899408621,0.4999999999999997,30.102291381557023,30.187615353410415,3,4,14,15,0.025709458626806736,0.051536000333726406
Model B,0.96,0.3,1.0,path-size,0.015328783311802763,0.16931441417149684,0.4223489915130629,0.4083365943154402,0.17069576559705335,0.43629642339930913,0.39300781100363746,0.4999999999999998,32.461221767450624,32.52867950663561,3,4,15,13,0.023562542162835598,0.04925620788708329
Model A,0.96,0.3,1.0,path-size,0.015328783311802763,0.16931441417149684,0.4223489915130629,0.4083365943154402,0.17069576559705335,0.43629642339930913,0.39300781100363746,0.4999999999999998,32.461221767450624,32.52867950663561,3,4,15,13,0.023562542162835598,0.04925620788708329
Model B,0.96,0.4,1.0,path-size,0.013459209929137045,0.21623903190206367,0.48112084544426476,0.3026401226536716,0.21873392038876582,0.4920851668866996,0.2891809127245345,0.5000000485682248,34.73212174663962,34.78616787000294,3,4,16,12,0.02515570819377899,0.04787337500602007
Model A,0.96,0.4,1.0,path-size,0.013459209929137045,0.21623903190206367,0.48112084544426476,0.3026401226536716,0.21873392038876582,0.4920851668866996,0.2891809127245345,0.5000000485682248,34.73212174663962,34.78616787000294,3,4,16,12,0.02515570819377899,0.04787337500602007
Model B,0.96,0.5,1.0,path-size,0.011070215021592542,0.259023341758362,0.5239243042248539,0.217052354016784,0.2618628097150101,0.5321550512897985,0.20598213899519152,0.4999999999999997,36.951165177354056,36.995382670423325,3,4,15,13,0.023861583322286606,0.0497379582375288
Model A,0.96,0.5,1.0,path-size,0.011070215021592542,0.259023341758362,0.5239243042248539,0.217052354016784,0.2618628097150101,0.5321550512897985,0.20598213899519152,0.4999999999999997,36.951165177354056,36.995382670423325,3,4,15,13,0.023861583322286606,0.0497379582375288
Model B,0.96,0.6,1.0,path-size,0.008708313981531005,0.2951708021260525,0.5539450583039771,0.1508841395699705,0.29781038737831944,0.5600137870332411,0.14217582558843941,0.49999999999999983,39.14016384207787,39.176798564986626,3,4,11,13,0.02229866711422801,0.04623941611498594
Model A,0.96,0.6,1.0,path-size,0.008708313981531005,0.2951708021260525,0.5539450583039771,0.1508841395699705,0.29781038737831944,0.5600137870332411,0.14217582558843941,0.49999999999999983,39.14016384207787,39.176798564986626,3,4,11,13,0.02229866711422801,0.04623941611498594
Model B,0.96,0.7,1.0,path-size,0.006611822606311775,0.3240957198946118,0.5745296080094622,0.10137467209592599,0.326286197649979,0.5789509528604068,0.09476284948961426,0.5,41.3079278844224,41.33802695163919,3,4,11,11,0.02409516740590334,0.04800145886838436
Model A,0.96,0.7,1.0,path-size,0.006611822606311775,0.3240957198946118,0.5745296080094622,0.10137467209592599,0.326286197649979,0.5789509528604068,0.09476284948961426,0.5,41.3079278844224,41.33802695163919,3,4,11,11,0.02409516740590334,0.04800145886838436
Model B,0.96,0.8,1.0,path-size,0.004863082006456826,0.34652742128320047,0.588181453670036,0.0652911250467636,0.348224407266717,0.5913475496929762,0.060428043040306634,0.4999998169376754,43.4557130307267,43.47973564802943,3,4,10,16,0.023646667134016752,0.043553334195166826
Model A,0.96,0.8,1.0,path-size,0.004863082006456826,0.34652742128320047,0.588181453670036,0.0652911250467636,0.348224407266717,0.5913475496929762,0.060428043040306634,0.4999998169376754,43.4557130307267,43.47973564802943,3,4,10,16,0.023646667134016752,0.043553334195166826
Model B,0.96,0.9,1.0,path-size,0.003469504376542306,0.3636748554402939,0.5966955043529867,0.039629640206719524,0.36493222982863327,0.5989076343411895,0.036160135830177166,0.4999999999999999,45.58269220532463,45.60106461417895,3,4,13,13,0.0255645839497447,0.04664695868268609
Model A,0.96,0.9,1.0,path-size,0.003469504376542306,0.3636748554402939,0.5966955043529867,0.039629640206719524,0.36493222982863327,0.5989076343411895,0.036160135830177166,0.4999999999999999,45.58269220532463,45.60106461417895,3,4,13,13,0.0255645839497447,0.04664695868268609
Model B,0.96,1.0,1.0,path-size,0.0024040639573005996,0.37675103389020703,0.6014276619421656,0.02182130416762736,0.3776566145895699,0.6029261452001033,0.0194172402103268,0.49999920245725,47.68896595175457,47.70231914907923,3,4,14,17,0.021886624861508608,0.04761045891791582
Model A,0.96,1.0,1.0,path-size,0.0024040639573005996,0.37675103389020703,0.6014276619421656,0.02182130416762736,0.3776566145895699,0.6029261452001033,0.0194172402103268,0.49999920245725,47.68896595175457,47.70231914907923,3,4,14,17,0.021886624861508608,0.04761045891791582
Model B,0.96,0.0,1.5,path-size,0.026648961974841238,0.056099544190791474,0.2115945837779249,0.7323058720312836,0.033885790054682535,0.23824354575276613,0.7278706641925513,0.5,25.353385832387147,25.5913227782232,3,4,14,13,0.022140000015497208,0.05039345799013972
Model A,0.96,0.0,1.5,path-size,0.026648961974841238,0.056099544190791474,0.2115945837779249,0.7323058720312836,0.033885790054682535,0.23824354575276613,0.7278706641925513,0.5,25.353385832387147,25.5913227782232,3,4,14,13,0.022140000015497208,0.05039345799013972
Model B,0.96,0.1,1.5,path-size,0.03272607438487974,0.09569769421548315,0.2916146793803559,0.612687626404161,0.06912718636507359,0.3243407537652357,0.6065320598696908,0.5000007734999828,27.963578333796242,28.220880451533645,3,4,13,16,0.023336458019912243,0.04962116712704301
Model A,0.96,0.1,1.5,path-size,0.03272607438487974,0.09569769421548315,0.2916146793803559,0.612687626404161,0.06912718636507359,0.3243407537652357,0.6065320598696908,0.5000007734999828,27.963578333796242,28.220880451533645,3,4,13,16,0.023336458019912243,0.04962116712704301
Model B,0.96,0.2,1.5,path-size,0.03588520088852275,0.14222969631567878,0.3719854732035788,0.48578483048074245,0.1117903097797315,0.4078706740921015,0.48033901612816693,0.5000004151626353,30.41030011481054,30.689528567699675,3,4,10,19,0.02330433391034603,0.04868608433753252
Model A,0.96,0.2,1.5,path-size,0.03588520088852275,0.14222969631567878,0.3719854732035788,0.48578483048074245,0.1117903097797315,0.4078706740921015,0.48033901612816693,0.5000004151626353,30.41030011481054,30.689528567699675,3,4,10,19,0.02330433391034603,0.04868608433753252
Model B,0.96,0.3,1.5,path-size,0.03558265375214595,0.19100546985133476,0.44139571760077123,0.36759881254789406,0.15836734242403272,0.4769783713529171,0.3646542862230501,0.5000009114128349,32.736074194476515,33.03474455508818,3,4,15,17,0.024374833330512047,0.04974816692993045
Model A,0.96,0.3,1.5,path-size,0.03558265375214595,0.19100546985133476,0.44139571760077123,0.36759881254789406,0.15836734242403272,0.4769783713529171,0.3646542862230501,0.5000009114128349,32.736074194476515,33.03474455508818,3,4,15,17,0.024374833330512047,0.04974816692993045
Model B,0.96,0.4,1.5,path-size,0.033200481661947154,0.23753641220963387,0.49450893314328265,0.2679546546470835,0.20498149614480665,0.5277094148052298,0.2673090890499636,0.49999999999999967,34.985995728108335,35.29539533356473,3,4,11,13,0.022777166217565536,0.04971387516707182
Model A,0.96,0.4,1.5,path-size,0.033200481661947154,0.23753641220963387,0.49450893314328265,0.2679546546470835,0.20498149614480665,0.5277094148052298,0.2673090890499636,0.49999999999999967,34.985995728108335,35.29539533356473,3,4,11,13,0.022777166217565536,0.04971387516707182
Model B,0.96,0.5,1.5,path-size,0.030550174896445945,0.2782864489477679,0.5325565061801282,0.189157044872104,0.24773627405132193,0.5626377313490122,0.18962599459966592,0.5000000239050346,37.19264077571168,37.502427090478946,3,4,13,16,0.021474458277225494,0.046258042100816965
Model A,0.96,0.5,1.5,path-size,0.030550174896445945,0.2782864489477679,0.5325565061801282,0.189157044872104,0.24773627405132193,0.5626377313490122,0.18962599459966592,0.5000000239050346,37.19264077571168,37.502427090478946,3,4,13,16,0.021474458277225494,0.046258042100816965
Model B,0.96,0.6,1.5,path-size,0.027628453281375198,0.3116181469636671,0.5590149945732981,0.12936685846303492,0.2839896936822919,0.5859659961187511,0.13004431019895707,0.5000008055008196,39.37308624292753,39.676447999509065,3,4,12,17,0.022392083890736103,0.048726958222687244
Model A,0.96,0.6,1.5,path-size,0.027628453281375198,0.3116181469636671,0.5590149945732981,0.12936685846303492,0.2839896936822919,0.5859659961187511,0.13004431019895707,0.5000008055008196,39.37308624292753,39.676447999509065,3,4,12,17,0.022392083890736103,0.048726958222687244
Model B,0.96,0.7,1.5,path-size,0.024670957496038946,0.33772533003749616,0.5769573765171991,0.08531729344530478,0.31305437254145707,0.6011119985832659,0.0858336288752768,0.49999999999999967,41.532750691309005,41.82716142460346,3,4,14,13,0.024159500375390053,0.04516412504017353
Model A,0.96,0.7,1.5,path-size,0.024670957496038946,0.33772533003749616,0.5769573765171991,0.08531729344530478,0.31305437254145707,0.6011119985832659,0.0858336288752768,0.49999999999999967,41.532750691309005,41.82716142460346,3,4,14,13,0.024159500375390053,0.04516412504017353
Model B,0.96,0.8,1.5,path-size,0.022092728130777554,0.3577222560330141,0.5886221334341664,0.05365561053281942,0.33562952790223655,0.6104167353742433,0.05395373672351998,0.5000000076616774,43.67180452936692,43.9571932430333,3,4,12,14,0.022983167320489883,0.044545083306729794
Model A,0.96,0.8,1.5,path-size,0.022092728130777554,0.3577222560330141,0.5886221334341664,0.05365561053281942,0.33562952790223655,0.6104167353742433,0.05395373672351998,0.5000000076616774,43.67180452936692,43.9571932430333,3,4,12,14,0.022983167320489883,0.044545083306729794
Model B,0.96,0.9,1.5,path-size,0.019977755215268744,0.37291674822133575,0.5956486106671584,0.03143464111150598,0.3529389930060669,0.615495686635213,0.03156532035871994,0.4999998899494898,45.78983510487953,46.06700682606895,3,4,11,12,0.022412624675780535,0.04582012491300702
Model A,0.96,0.9,1.5,path-size,0.019977755215268744,0.37291674822133575,0.5956486106671584,0.03143464111150598,0.3529389930060669,0.615495686635213,0.03156532035871994,0.4999998899494898,45.78983510487953,46.06700682606895,3,4,11,12,0.022412624675780535,0.04582012491300702
Model B,0.96,1.0,1.5,path-size,0.018271654808093576,0.384490604528993,0.5993047588472086,0.01620463662379836,0.36621894972089936,0.6175466501521291,0.016234400126971405,0.49999949539401684,47.887824835865146,48.15771126004957,3,4,9,13,0.022040500305593014,0.04618987487629056
Model A,0.96,1.0,1.5,path-size,0.018271654808093576,0.384490604528993,0.5993047588472086,0.01620463662379836,0.36621894972089936,0.6175466501521291,0.016234400126971405,0.49999949539401684,47.887824835865146,48.15771126004957,3,4,9,13,0.022040500305593014,0.04618987487629056
Model B,0.96,0.0,2.0,path-size,0.041669752837707394,0.0705857169082523,0.2356100981294687,0.6938041849622789,0.029929427439205687,0.27727985096717617,0.6927907215936182,0.5000021412479032,25.744781747163174,26.09621685837829,3,4,14,17,0.023849499877542257,0.045843707863241434
Model A,0.96,0.0,2.0,path-size,0.041669752837707394,0.0705857169082523,0.2356100981294687,0.6938041849622789,0.029929427439205687,0.27727985096717617,0.6927907215936182,0.5000021412479032,25.744781747163174,26.09621685837829,3,4,14,17,0.023849499877542257,0.045843707863241434
Model B,0.96,0.1,2.0,path-size,0.0521371044819625,0.11451057546361365,0.31676638212289804,0.5687230424134883,0.062373470981651156,0.36829936704966376,0.569327161968685,0.5000000000000016,28.30370476992355,28.716283101131893,3,4,14,16,0.02291162498295307,0.049205458257347345
Model A,0.96,0.1,2.0,path-size,0.0521371044819625,0.11451057546361365,0.31676638212289804,0.5687230424134883,0.062373470981651156,0.36829936704966376,0.569327161968685,0.5000000000000016,28.30370476992355,28.716283101131893,3,4,14,16,0.02291162498295307,0.049205458257347345
Model B,0.96,0.2,2.0,path-size,0.061697969687637313,0.16382522540547198,0.39428572971262726,0.4418890448819009,0.1021272557178346,0.45127938213088886,0.44659336215127654,0.5000000000000004,30.707712131789528,31.186969718554586,3,4,14,13,0.022766541223973036,0.04673400009050965
Model A,0.96,0.2,2.0,path-size,0.061697969687637313,0.16382522540547198,0.39428572971262726,0.4418890448819009,0.1021272557178346,0.45127938213088886,0.44659336215127654,0.5000000000000004,30.707712131789528,31.186969718554586,3,4,14,13,0.022766541223973036,0.04673400009050965
Model B,0.96,0.3,2.0,path-size,0.06693241848517754,0.21336160181969377,0.45827318737817624,0.32836521080213,0.14642918333451618,0.5159429766417122,0.33762784002377155,0.4999997883849404,33.00400472968579,33.540241732658004,3,4,16,15,0.025932000018656254,0.046592332888394594
Model A,0.96,0.3,2.0,path-size,0.06693241848517754,0.21336160181969377,0.45827318737817624,0.32836521080213,0.14642918333451618,0.5159429766417122,0.33762784002377155,0.4999997883849404,33.00400472968579,33.540241732658004,3,4,16,15,0.025932000018656254,0.046592332888394594
Model B,0.96,0.4,2.0,path-size,0.06694545414877118,0.2586252266303923,0.5059137241518136,0.23546104921779415,0.1916797724816211,0.561314454523732,0.24700577299464693,0.49999953823649057,35.23609395846937,35.806899649834094,3,4,12,15,0.024174083024263382,0.04828024981543422
Model A,0.96,0.4,2.0,path-size,0.06694545414877118,0.2586252266303923,0.5059137241518136,0.23546104921779415,0.1916797724816211,0.561314454523732,0.24700577299464693,0.49999953823649057,35.23609395846937,35.806899649834094,3,4,12,15,0.024174083024263382,0.04828024981543422
Model B,0.96,0.5,2.0,path-size,0.0628183572052105,0.2967596958520094,0.5396305004232061,0.16360980372478445,0.2339413386467989,0.5913754151098455,0.17468324624335563,0.4999997493937507,37.431932431412974,38.01385225425523,3,4,15,16,0.02327774977311492,0.04560366598889232
Model A,0.96,0.5,2.0,path-size,0.0628183572052105,0.2967596958520094,0.5396305004232061,0.16360980372478445,0.2339413386467989,0.5913754151098455,0.17468324624335563,0.4999997493937507,37.431932431412974,38.01385225425523,3,4,15,16,0.02327774977311492,0.04560366598889232
Model B,0.96,0.6,2.0,path-size,0.05676258588886045,0.32709067905228967,0.5628826984705233,0.11002662247718702,0.2703280931634292,0.6105850792408705,0.11908682759570029,0.5,39.60393071397591,40.181957822841596,3,4,11,11,0.021769915707409382,0.04752508318051696
Model A,0.96,0.6,2.0,path-size,0.05676258588886045,0.32709067905228967,0.5628826984705233,0.11002662247718702,0.2703280931634292,0.6105850792408705,0.11908682759570029,0.5,39.60393071397591,40.181957822841596,3,4,11,11,0.021769915707409382,0.04752508318051696
Model B,0.96,0.7,2.0,path-size,0.05059966076838831,0.3504426387798578,0.578439001716728,0.0711183595034142,0.2998429780114695,0.6223162388337716,0.07784078315475887,0.4999999999999997,41.7550322350655,42.323083261957834,3,4,13,11,0.026847417000681162,0.046753082890063524
Model A,0.96,0.7,2.0,path-size,0.05059966076838831,0.3504426387798578,0.578439001716728,0.0711183595034142,0.2998429780114695,0.6223162388337716,0.07784078315475887,0.4999999999999997,41.7550322350655,42.323083261957834,3,4,13,11,0.026847417000681162,0.046753082890063524
Model B,0.96,0.8,2.0,path-size,0.04519629293821656,0.3681644841123596,0.5883144835415037,0.04352103234613673,0.322968191174143,0.6288286526148268,0.048203156211030204,0.5000006479782146,43.88506935152613,44.44200533138755,3,4,12,17,0.023129208013415337,0.04484545812010765
Model A,0.96,0.8,2.0,path-size,0.04519629293821656,0.3681644841123596,0.5883144835415037,0.04352103234613673,0.322968191174143,0.6288286526148268,0.048203156211030204,0.5000006479782146,43.88506935152613,44.44200533138755,3,4,12,17,0.023129208013415337,0.04484545812010765
Model B,0.96,0.9,2.0,path-size,0.040746122496006794,0.38157922460846855,0.5940243284120629,0.024396446979468557,0.34083310211246176,0.6316538420499558,0.027513055837582446,0.49999981599269233,45.994321171251784,46.54068434631502,3,4,14,20,0.02170212520286441,0.04689158406108618
Model A,0.96,0.9,2.0,path-size,0.040746122496006794,0.38157922460846855,0.5940243284120629,0.024396446979468557,0.34083310211246176,0.6316538420499558,0.027513055837582446,0.49999981599269233,45.994321171251784,46.54068434631502,3,4,14,20,0.02170212520286441,0.04689158406108618
Model B,0.96,1.0,2.0,path-size,0.037155129190300944,0.3918049627999912,0.5967535221018502,0.0114415150981586,0.3546498336096903,0.6319048960835965,0.013445270306713308,0.5000006419311758,48.08457827976967,48.62111369026782,3,4,11,15,0.020912624895572662,0.04216545866802335
Model A,0.96,1.0,2.0,path-size,0.037155129190300944,0.3918049627999912,0.5967535221018502,0.0114415150981586,0.3546498336096903,0.6319048960835965,0.013445270306713308,0.5000006419311758,48.08457827976967,48.62111369026782,3,4,11,15,0.020912624895572662,0.04216545866802335
